study,claim_id,component_id,language,outcome,map_number,seed,estimate,analysis_unit,outcome_scale
cross_run_transfer,same_language_cross_run_effect,spanish_same_language_other_run_benefit,spanish,step_zero,,90,1.02629097078684,base_seed,raw
cross_run_transfer,same_language_cross_run_effect,spanish_same_language_other_run_benefit,spanish,step_zero,,91,1.2441731586522,base_seed,raw
cross_run_transfer,same_language_cross_run_effect,spanish_same_language_other_run_benefit,spanish,step_zero,,92,1.23265026112266,base_seed,raw
cross_run_transfer,same_language_cross_run_effect,spanish_same_language_other_run_benefit,spanish,step_zero,,93,1.34165197815375,base_seed,raw
cross_run_transfer,same_language_cross_run_effect,spanish_same_language_other_run_benefit,spanish,step_zero,,94,1.1537193778649,base_seed,raw
cross_run_transfer,same_language_cross_run_effect,spanish_same_language_other_run_benefit,spanish,step_zero,,95,1.28610141874636,base_seed,raw
cross_run_transfer,same_language_cross_run_effect,spanish_same_language_other_run_benefit,spanish,step_zero,,96,1.28327540606855,base_seed,raw
cross_run_transfer,same_language_cross_run_effect,spanish_same_language_other_run_benefit,spanish,step_zero,,97,1.20915297223566,base_seed,raw
cross_run_transfer,same_language_cross_run_effect,spanish_same_language_other_run_benefit,spanish,step_zero,,98,1.37142778087416,base_seed,raw
cross_run_transfer,same_language_cross_run_effect,spanish_same_language_other_run_benefit,spanish,step_zero,,99,1.39101526177223,base_seed,raw
cross_run_transfer,same_language_cross_run_effect,spanish_same_language_other_run_benefit,spanish,step_zero,,100,1.37292078817641,base_seed,raw
cross_run_transfer,same_language_cross_run_effect,spanish_same_language_other_run_benefit,spanish,step_zero,,101,1.12617750537169,base_seed,raw
cross_run_transfer,same_language_cross_run_effect,spanish_same_language_other_run_benefit,spanish,learning_curve_auc,,90,5.06404569600025,base_seed,raw
cross_run_transfer,same_language_cross_run_effect,spanish_same_language_other_run_benefit,spanish,learning_curve_auc,,91,5.77626702741079,base_seed,raw
cross_run_transfer,same_language_cross_run_effect,spanish_same_language_other_run_benefit,spanish,learning_curve_auc,,92,5.19918316648679,base_seed,raw
cross_run_transfer,same_language_cross_run_effect,spanish_same_language_other_run_benefit,spanish,learning_curve_auc,,93,5.58094460660002,base_seed,raw
cross_run_transfer,same_language_cross_run_effect,spanish_same_language_other_run_benefit,spanish,learning_curve_auc,,94,5.24479204888927,base_seed,raw
cross_run_transfer,same_language_cross_run_effect,spanish_same_language_other_run_benefit,spanish,learning_curve_auc,,95,5.50083018537897,base_seed,raw
cross_run_transfer,same_language_cross_run_effect,spanish_same_language_other_run_benefit,spanish,learning_curve_auc,,96,5.62082084541611,base_seed,raw
cross_run_transfer,same_language_cross_run_effect,spanish_same_language_other_run_benefit,spanish,learning_curve_auc,,97,5.29540186534222,base_seed,raw
cross_run_transfer,same_language_cross_run_effect,spanish_same_language_other_run_benefit,spanish,learning_curve_auc,,98,5.67842388748832,base_seed,raw
cross_run_transfer,same_language_cross_run_effect,spanish_same_language_other_run_benefit,spanish,learning_curve_auc,,99,5.70480334613324,base_seed,raw
cross_run_transfer,same_language_cross_run_effect,spanish_same_language_other_run_benefit,spanish,learning_curve_auc,,100,6.00393991182159,base_seed,raw
cross_run_transfer,same_language_cross_run_effect,spanish_same_language_other_run_benefit,spanish,learning_curve_auc,,101,5.1853395569807,base_seed,raw
cross_run_transfer,same_language_cross_run_effect,german_same_language_other_run_benefit,german,step_zero,,90,1.316291235996,base_seed,raw
cross_run_transfer,same_language_cross_run_effect,german_same_language_other_run_benefit,german,step_zero,,91,1.18202935958919,base_seed,raw
cross_run_transfer,same_language_cross_run_effect,german_same_language_other_run_benefit,german,step_zero,,92,1.13935375216325,base_seed,raw
cross_run_transfer,same_language_cross_run_effect,german_same_language_other_run_benefit,german,step_zero,,93,1.42881160274088,base_seed,raw
cross_run_transfer,same_language_cross_run_effect,german_same_language_other_run_benefit,german,step_zero,,94,1.33127936322089,base_seed,raw
cross_run_transfer,same_language_cross_run_effect,german_same_language_other_run_benefit,german,step_zero,,95,1.27323551581522,base_seed,raw
cross_run_transfer,same_language_cross_run_effect,german_same_language_other_run_benefit,german,step_zero,,96,1.2341610365215,base_seed,raw
cross_run_transfer,same_language_cross_run_effect,german_same_language_other_run_benefit,german,step_zero,,97,1.2920884847868,base_seed,raw
cross_run_transfer,same_language_cross_run_effect,german_same_language_other_run_benefit,german,step_zero,,98,1.12348950588394,base_seed,raw
cross_run_transfer,same_language_cross_run_effect,german_same_language_other_run_benefit,german,step_zero,,99,1.2373396039595,base_seed,raw
cross_run_transfer,same_language_cross_run_effect,german_same_language_other_run_benefit,german,step_zero,,100,1.20135807973909,base_seed,raw
cross_run_transfer,same_language_cross_run_effect,german_same_language_other_run_benefit,german,step_zero,,101,1.32075302049517,base_seed,raw
cross_run_transfer,same_language_cross_run_effect,german_same_language_other_run_benefit,german,learning_curve_auc,,90,5.17652219449081,base_seed,raw
cross_run_transfer,same_language_cross_run_effect,german_same_language_other_run_benefit,german,learning_curve_auc,,91,4.82085306756689,base_seed,raw
cross_run_transfer,same_language_cross_run_effect,german_same_language_other_run_benefit,german,learning_curve_auc,,92,4.51061711323325,base_seed,raw
cross_run_transfer,same_language_cross_run_effect,german_same_language_other_run_benefit,german,learning_curve_auc,,93,5.86905465440599,base_seed,raw
cross_run_transfer,same_language_cross_run_effect,german_same_language_other_run_benefit,german,learning_curve_auc,,94,5.14986968434841,base_seed,raw
cross_run_transfer,same_language_cross_run_effect,german_same_language_other_run_benefit,german,learning_curve_auc,,95,4.89417261007016,base_seed,raw
cross_run_transfer,same_language_cross_run_effect,german_same_language_other_run_benefit,german,learning_curve_auc,,96,5.12440956290154,base_seed,raw
cross_run_transfer,same_language_cross_run_effect,german_same_language_other_run_benefit,german,learning_curve_auc,,97,5.69063063811514,base_seed,raw
cross_run_transfer,same_language_cross_run_effect,german_same_language_other_run_benefit,german,learning_curve_auc,,98,4.71136689052157,base_seed,raw
cross_run_transfer,same_language_cross_run_effect,german_same_language_other_run_benefit,german,learning_curve_auc,,99,4.91272394115102,base_seed,raw
cross_run_transfer,same_language_cross_run_effect,german_same_language_other_run_benefit,german,learning_curve_auc,,100,4.54306444778858,base_seed,raw
cross_run_transfer,same_language_cross_run_effect,german_same_language_other_run_benefit,german,learning_curve_auc,,101,5.45360123265986,base_seed,raw
cross_run_transfer,same_language_over_other_language,spanish_same_language_over_other_language,spanish,step_zero,,90,0.755135096182624,base_seed,raw
cross_run_transfer,same_language_over_other_language,spanish_same_language_over_other_language,spanish,step_zero,,91,1.09565932215208,base_seed,raw
cross_run_transfer,same_language_over_other_language,spanish_same_language_over_other_language,spanish,step_zero,,92,0.81403961554883,base_seed,raw
cross_run_transfer,same_language_over_other_language,spanish_same_language_over_other_language,spanish,step_zero,,93,0.818353448178938,base_seed,raw
cross_run_transfer,same_language_over_other_language,spanish_same_language_over_other_language,spanish,step_zero,,94,0.590903636710526,base_seed,raw
cross_run_transfer,same_language_over_other_language,spanish_same_language_over_other_language,spanish,step_zero,,95,0.89436310687685,base_seed,raw
cross_run_transfer,same_language_over_other_language,spanish_same_language_over_other_language,spanish,step_zero,,96,0.616248434589326,base_seed,raw
cross_run_transfer,same_language_over_other_language,spanish_same_language_over_other_language,spanish,step_zero,,97,0.73521888867873,base_seed,raw
cross_run_transfer,same_language_over_other_language,spanish_same_language_over_other_language,spanish,step_zero,,98,0.709947030780253,base_seed,raw
cross_run_transfer,same_language_over_other_language,spanish_same_language_over_other_language,spanish,step_zero,,99,0.935559926726574,base_seed,raw
cross_run_transfer,same_language_over_other_language,spanish_same_language_over_other_language,spanish,step_zero,,100,0.866939038022834,base_seed,raw
cross_run_transfer,same_language_over_other_language,spanish_same_language_over_other_language,spanish,step_zero,,101,0.753949090026041,base_seed,raw
cross_run_transfer,same_language_over_other_language,spanish_same_language_over_other_language,spanish,learning_curve_auc,,90,4.01805934218777,base_seed,raw
cross_run_transfer,same_language_over_other_language,spanish_same_language_over_other_language,spanish,learning_curve_auc,,91,5.13918027376585,base_seed,raw
cross_run_transfer,same_language_over_other_language,spanish_same_language_over_other_language,spanish,learning_curve_auc,,92,4.39217035319111,base_seed,raw
cross_run_transfer,same_language_over_other_language,spanish_same_language_over_other_language,spanish,learning_curve_auc,,93,4.27403876442979,base_seed,raw
cross_run_transfer,same_language_over_other_language,spanish_same_language_over_other_language,spanish,learning_curve_auc,,94,3.80373219351405,base_seed,raw
cross_run_transfer,same_language_over_other_language,spanish_same_language_over_other_language,spanish,learning_curve_auc,,95,4.40887182568092,base_seed,raw
cross_run_transfer,same_language_over_other_language,spanish_same_language_over_other_language,spanish,learning_curve_auc,,96,4.34497343024039,base_seed,raw
cross_run_transfer,same_language_over_other_language,spanish_same_language_over_other_language,spanish,learning_curve_auc,,97,3.67883140316249,base_seed,raw
cross_run_transfer,same_language_over_other_language,spanish_same_language_over_other_language,spanish,learning_curve_auc,,98,3.85286760057603,base_seed,raw
cross_run_transfer,same_language_over_other_language,spanish_same_language_over_other_language,spanish,learning_curve_auc,,99,4.40095825639599,base_seed,raw
cross_run_transfer,same_language_over_other_language,spanish_same_language_over_other_language,spanish,learning_curve_auc,,100,4.80358238335545,base_seed,raw
cross_run_transfer,same_language_over_other_language,spanish_same_language_over_other_language,spanish,learning_curve_auc,,101,4.31251542941365,base_seed,raw
cross_run_transfer,same_language_over_other_language,german_same_language_over_other_language,german,step_zero,,90,0.88208444422945,base_seed,raw
cross_run_transfer,same_language_over_other_language,german_same_language_over_other_language,german,step_zero,,91,0.95591104930457,base_seed,raw
cross_run_transfer,same_language_over_other_language,german_same_language_over_other_language,german,step_zero,,92,0.873072165731254,base_seed,raw
cross_run_transfer,same_language_over_other_language,german_same_language_over_other_language,german,step_zero,,93,1.24591333094378,base_seed,raw
cross_run_transfer,same_language_over_other_language,german_same_language_over_other_language,german,step_zero,,94,0.873217140224715,base_seed,raw
cross_run_transfer,same_language_over_other_language,german_same_language_over_other_language,german,step_zero,,95,0.962433914609156,base_seed,raw
cross_run_transfer,same_language_over_other_language,german_same_language_over_other_language,german,step_zero,,96,0.991567286890042,base_seed,raw
cross_run_transfer,same_language_over_other_language,german_same_language_over_other_language,german,step_zero,,97,1.19955526320994,base_seed,raw
cross_run_transfer,same_language_over_other_language,german_same_language_over_other_language,german,step_zero,,98,0.946566271240948,base_seed,raw
cross_run_transfer,same_language_over_other_language,german_same_language_over_other_language,german,step_zero,,99,0.964009831477373,base_seed,raw
cross_run_transfer,same_language_over_other_language,german_same_language_over_other_language,german,step_zero,,100,0.717437824955046,base_seed,raw
cross_run_transfer,same_language_over_other_language,german_same_language_over_other_language,german,step_zero,,101,0.878108302248354,base_seed,raw
cross_run_transfer,same_language_over_other_language,german_same_language_over_other_language,german,learning_curve_auc,,90,4.33995233350859,base_seed,raw
cross_run_transfer,same_language_over_other_language,german_same_language_over_other_language,german,learning_curve_auc,,91,4.23807592325725,base_seed,raw
cross_run_transfer,same_language_over_other_language,german_same_language_over_other_language,german,learning_curve_auc,,92,4.06839132238882,base_seed,raw
cross_run_transfer,same_language_over_other_language,german_same_language_over_other_language,german,learning_curve_auc,,93,5.60425226225839,base_seed,raw
cross_run_transfer,same_language_over_other_language,german_same_language_over_other_language,german,learning_curve_auc,,94,4.00771637151551,base_seed,raw
cross_run_transfer,same_language_over_other_language,german_same_language_over_other_language,german,learning_curve_auc,,95,4.3484860082449,base_seed,raw
cross_run_transfer,same_language_over_other_language,german_same_language_over_other_language,german,learning_curve_auc,,96,4.4184668108123,base_seed,raw
cross_run_transfer,same_language_over_other_language,german_same_language_over_other_language,german,learning_curve_auc,,97,5.10265978528126,base_seed,raw
cross_run_transfer,same_language_over_other_language,german_same_language_over_other_language,german,learning_curve_auc,,98,4.06606587968448,base_seed,raw
cross_run_transfer,same_language_over_other_language,german_same_language_over_other_language,german,learning_curve_auc,,99,4.38807707782995,base_seed,raw
cross_run_transfer,same_language_over_other_language,german_same_language_over_other_language,german,learning_curve_auc,,100,3.31781835492753,base_seed,raw
cross_run_transfer,same_language_over_other_language,german_same_language_over_other_language,german,learning_curve_auc,,101,4.09676579615949,base_seed,raw
cross_run_transfer,co_trained_and_cross_run_equivalence,spanish_co_trained_minus_same_language_other_run,spanish,step_zero,,90,0.185288098770389,base_seed,raw
cross_run_transfer,co_trained_and_cross_run_equivalence,spanish_co_trained_minus_same_language_other_run,spanish,step_zero,,91,0.0258592511762441,base_seed,raw
cross_run_transfer,co_trained_and_cross_run_equivalence,spanish_co_trained_minus_same_language_other_run,spanish,step_zero,,92,0.0613690223345058,base_seed,raw
cross_run_transfer,co_trained_and_cross_run_equivalence,spanish_co_trained_minus_same_language_other_run,spanish,step_zero,,93,0.0054311320539695,base_seed,raw
cross_run_transfer,co_trained_and_cross_run_equivalence,spanish_co_trained_minus_same_language_other_run,spanish,step_zero,,94,0.155708310808863,base_seed,raw
cross_run_transfer,co_trained_and_cross_run_equivalence,spanish_co_trained_minus_same_language_other_run,spanish,step_zero,,95,0.0154977677455263,base_seed,raw
cross_run_transfer,co_trained_and_cross_run_equivalence,spanish_co_trained_minus_same_language_other_run,spanish,step_zero,,96,0.0135924411325574,base_seed,raw
cross_run_transfer,co_trained_and_cross_run_equivalence,spanish_co_trained_minus_same_language_other_run,spanish,step_zero,,97,0.0832958371118988,base_seed,raw
cross_run_transfer,co_trained_and_cross_run_equivalence,spanish_co_trained_minus_same_language_other_run,spanish,step_zero,,98,0.0571414063628996,base_seed,raw
cross_run_transfer,co_trained_and_cross_run_equivalence,spanish_co_trained_minus_same_language_other_run,spanish,step_zero,,99,-0.0092096568883852,base_seed,raw
cross_run_transfer,co_trained_and_cross_run_equivalence,spanish_co_trained_minus_same_language_other_run,spanish,step_zero,,100,-0.003758722278522,base_seed,raw
cross_run_transfer,co_trained_and_cross_run_equivalence,spanish_co_trained_minus_same_language_other_run,spanish,step_zero,,101,0.0735610850429522,base_seed,raw
cross_run_transfer,co_trained_and_cross_run_equivalence,spanish_co_trained_minus_same_language_other_run,spanish,learning_curve_auc,,90,0.587430299909276,base_seed,raw
cross_run_transfer,co_trained_and_cross_run_equivalence,spanish_co_trained_minus_same_language_other_run,spanish,learning_curve_auc,,91,0.119661084096835,base_seed,raw
cross_run_transfer,co_trained_and_cross_run_equivalence,spanish_co_trained_minus_same_language_other_run,spanish,learning_curve_auc,,92,0.65338673328963,base_seed,raw
cross_run_transfer,co_trained_and_cross_run_equivalence,spanish_co_trained_minus_same_language_other_run,spanish,learning_curve_auc,,93,0.296152814243991,base_seed,raw
cross_run_transfer,co_trained_and_cross_run_equivalence,spanish_co_trained_minus_same_language_other_run,spanish,learning_curve_auc,,94,0.543011255553354,base_seed,raw
cross_run_transfer,co_trained_and_cross_run_equivalence,spanish_co_trained_minus_same_language_other_run,spanish,learning_curve_auc,,95,0.227703274202724,base_seed,raw
cross_run_transfer,co_trained_and_cross_run_equivalence,spanish_co_trained_minus_same_language_other_run,spanish,learning_curve_auc,,96,-0.0253179118202462,base_seed,raw
cross_run_transfer,co_trained_and_cross_run_equivalence,spanish_co_trained_minus_same_language_other_run,spanish,learning_curve_auc,,97,0.307584429462766,base_seed,raw
cross_run_transfer,co_trained_and_cross_run_equivalence,spanish_co_trained_minus_same_language_other_run,spanish,learning_curve_auc,,98,0.100105399778242,base_seed,raw
cross_run_transfer,co_trained_and_cross_run_equivalence,spanish_co_trained_minus_same_language_other_run,spanish,learning_curve_auc,,99,0.373309814606564,base_seed,raw
cross_run_transfer,co_trained_and_cross_run_equivalence,spanish_co_trained_minus_same_language_other_run,spanish,learning_curve_auc,,100,0.275320651640655,base_seed,raw
cross_run_transfer,co_trained_and_cross_run_equivalence,spanish_co_trained_minus_same_language_other_run,spanish,learning_curve_auc,,101,0.426805354729916,base_seed,raw
cross_run_transfer,co_trained_and_cross_run_equivalence,german_co_trained_minus_same_language_other_run,german,step_zero,,90,0.135398927724422,base_seed,raw
cross_run_transfer,co_trained_and_cross_run_equivalence,german_co_trained_minus_same_language_other_run,german,step_zero,,91,0.0792398796410876,base_seed,raw
cross_run_transfer,co_trained_and_cross_run_equivalence,german_co_trained_minus_same_language_other_run,german,step_zero,,92,0.100643792407491,base_seed,raw
cross_run_transfer,co_trained_and_cross_run_equivalence,german_co_trained_minus_same_language_other_run,german,step_zero,,93,0.0038371424316037,base_seed,raw
cross_run_transfer,co_trained_and_cross_run_equivalence,german_co_trained_minus_same_language_other_run,german,step_zero,,94,0.06173645116162,base_seed,raw
cross_run_transfer,co_trained_and_cross_run_equivalence,german_co_trained_minus_same_language_other_run,german,step_zero,,95,0.0456631435547949,base_seed,raw
cross_run_transfer,co_trained_and_cross_run_equivalence,german_co_trained_minus_same_language_other_run,german,step_zero,,96,0.123628484747506,base_seed,raw
cross_run_transfer,co_trained_and_cross_run_equivalence,german_co_trained_minus_same_language_other_run,german,step_zero,,97,0.0920877212674094,base_seed,raw
cross_run_transfer,co_trained_and_cross_run_equivalence,german_co_trained_minus_same_language_other_run,german,step_zero,,98,0.155270397317723,base_seed,raw
cross_run_transfer,co_trained_and_cross_run_equivalence,german_co_trained_minus_same_language_other_run,german,step_zero,,99,0.0346038642525356,base_seed,raw
cross_run_transfer,co_trained_and_cross_run_equivalence,german_co_trained_minus_same_language_other_run,german,step_zero,,100,0.026384367123987,base_seed,raw
cross_run_transfer,co_trained_and_cross_run_equivalence,german_co_trained_minus_same_language_other_run,german,step_zero,,101,0.0654915128592497,base_seed,raw
cross_run_transfer,co_trained_and_cross_run_equivalence,german_co_trained_minus_same_language_other_run,german,learning_curve_auc,,90,0.45299678435244,base_seed,raw
cross_run_transfer,co_trained_and_cross_run_equivalence,german_co_trained_minus_same_language_other_run,german,learning_curve_auc,,91,0.261558249692078,base_seed,raw
cross_run_transfer,co_trained_and_cross_run_equivalence,german_co_trained_minus_same_language_other_run,german,learning_curve_auc,,92,0.416690959013232,base_seed,raw
cross_run_transfer,co_trained_and_cross_run_equivalence,german_co_trained_minus_same_language_other_run,german,learning_curve_auc,,93,0.270079162063219,base_seed,raw
cross_run_transfer,co_trained_and_cross_run_equivalence,german_co_trained_minus_same_language_other_run,german,learning_curve_auc,,94,0.540292272473944,base_seed,raw
cross_run_transfer,co_trained_and_cross_run_equivalence,german_co_trained_minus_same_language_other_run,german,learning_curve_auc,,95,0.425235112003034,base_seed,raw
cross_run_transfer,co_trained_and_cross_run_equivalence,german_co_trained_minus_same_language_other_run,german,learning_curve_auc,,96,0.371960650224405,base_seed,raw
cross_run_transfer,co_trained_and_cross_run_equivalence,german_co_trained_minus_same_language_other_run,german,learning_curve_auc,,97,0.491469681900102,base_seed,raw
cross_run_transfer,co_trained_and_cross_run_equivalence,german_co_trained_minus_same_language_other_run,german,learning_curve_auc,,98,0.607684225706169,base_seed,raw
cross_run_transfer,co_trained_and_cross_run_equivalence,german_co_trained_minus_same_language_other_run,german,learning_curve_auc,,99,0.16495531881533,base_seed,raw
cross_run_transfer,co_trained_and_cross_run_equivalence,german_co_trained_minus_same_language_other_run,german,learning_curve_auc,,100,0.270666085931215,base_seed,raw
cross_run_transfer,co_trained_and_cross_run_equivalence,german_co_trained_minus_same_language_other_run,german,learning_curve_auc,,101,0.493204851921838,base_seed,raw
row_to_token_assignment,correct_assignment_advantage,spanish_correct_assignment_advantage__map_1,spanish,step_zero,1,90,0.405027319171735,base_seed,raw
row_to_token_assignment,correct_assignment_advantage,spanish_correct_assignment_advantage__map_1,spanish,step_zero,1,91,0.650194396244606,base_seed,raw
row_to_token_assignment,correct_assignment_advantage,spanish_correct_assignment_advantage__map_1,spanish,step_zero,1,92,0.380800620740813,base_seed,raw
row_to_token_assignment,correct_assignment_advantage,spanish_correct_assignment_advantage__map_1,spanish,step_zero,1,93,0.537271179953808,base_seed,raw
row_to_token_assignment,correct_assignment_advantage,spanish_correct_assignment_advantage__map_1,spanish,step_zero,1,94,0.382463511664649,base_seed,raw
row_to_token_assignment,correct_assignment_advantage,spanish_correct_assignment_advantage__map_1,spanish,step_zero,1,95,0.605932105171031,base_seed,raw
row_to_token_assignment,correct_assignment_advantage,spanish_correct_assignment_advantage__map_1,spanish,step_zero,1,96,0.654672388145225,base_seed,raw
row_to_token_assignment,correct_assignment_advantage,spanish_correct_assignment_advantage__map_1,spanish,step_zero,1,97,0.564371303559582,base_seed,raw
row_to_token_assignment,correct_assignment_advantage,spanish_correct_assignment_advantage__map_1,spanish,step_zero,1,98,0.487999959538764,base_seed,raw
row_to_token_assignment,correct_assignment_advantage,spanish_correct_assignment_advantage__map_1,spanish,step_zero,1,99,0.661713628876459,base_seed,raw
row_to_token_assignment,correct_assignment_advantage,spanish_correct_assignment_advantage__map_1,spanish,step_zero,1,100,0.622971974475134,base_seed,raw
row_to_token_assignment,correct_assignment_advantage,spanish_correct_assignment_advantage__map_1,spanish,step_zero,1,101,0.669471649269908,base_seed,raw
row_to_token_assignment,correct_assignment_advantage,spanish_correct_assignment_advantage__map_1,spanish,learning_curve_auc,1,90,3.21994861011452,base_seed,raw
row_to_token_assignment,correct_assignment_advantage,spanish_correct_assignment_advantage__map_1,spanish,learning_curve_auc,1,91,3.99533455172771,base_seed,raw
row_to_token_assignment,correct_assignment_advantage,spanish_correct_assignment_advantage__map_1,spanish,learning_curve_auc,1,92,3.42259372608366,base_seed,raw
row_to_token_assignment,correct_assignment_advantage,spanish_correct_assignment_advantage__map_1,spanish,learning_curve_auc,1,93,3.36550232594271,base_seed,raw
row_to_token_assignment,correct_assignment_advantage,spanish_correct_assignment_advantage__map_1,spanish,learning_curve_auc,1,94,3.25903926446557,base_seed,raw
row_to_token_assignment,correct_assignment_advantage,spanish_correct_assignment_advantage__map_1,spanish,learning_curve_auc,1,95,4.14302599889831,base_seed,raw
row_to_token_assignment,correct_assignment_advantage,spanish_correct_assignment_advantage__map_1,spanish,learning_curve_auc,1,96,4.8240295041493,base_seed,raw
row_to_token_assignment,correct_assignment_advantage,spanish_correct_assignment_advantage__map_1,spanish,learning_curve_auc,1,97,3.88625407809238,base_seed,raw
row_to_token_assignment,correct_assignment_advantage,spanish_correct_assignment_advantage__map_1,spanish,learning_curve_auc,1,98,3.58154014230543,base_seed,raw
row_to_token_assignment,correct_assignment_advantage,spanish_correct_assignment_advantage__map_1,spanish,learning_curve_auc,1,99,4.25336850177962,base_seed,raw
row_to_token_assignment,correct_assignment_advantage,spanish_correct_assignment_advantage__map_1,spanish,learning_curve_auc,1,100,3.88861154215897,base_seed,raw
row_to_token_assignment,correct_assignment_advantage,spanish_correct_assignment_advantage__map_1,spanish,learning_curve_auc,1,101,4.50170484950605,base_seed,raw
row_to_token_assignment,correct_assignment_advantage,spanish_correct_assignment_advantage__map_2,spanish,step_zero,2,90,0.618510330878689,base_seed,raw
row_to_token_assignment,correct_assignment_advantage,spanish_correct_assignment_advantage__map_2,spanish,step_zero,2,91,0.859991524297541,base_seed,raw
row_to_token_assignment,correct_assignment_advantage,spanish_correct_assignment_advantage__map_2,spanish,step_zero,2,92,0.651421320111737,base_seed,raw
row_to_token_assignment,correct_assignment_advantage,spanish_correct_assignment_advantage__map_2,spanish,step_zero,2,93,0.887525271196513,base_seed,raw
row_to_token_assignment,correct_assignment_advantage,spanish_correct_assignment_advantage__map_2,spanish,step_zero,2,94,0.555681900605026,base_seed,raw
row_to_token_assignment,correct_assignment_advantage,spanish_correct_assignment_advantage__map_2,spanish,step_zero,2,95,0.795982216368558,base_seed,raw
row_to_token_assignment,correct_assignment_advantage,spanish_correct_assignment_advantage__map_2,spanish,step_zero,2,96,0.856366843059235,base_seed,raw
row_to_token_assignment,correct_assignment_advantage,spanish_correct_assignment_advantage__map_2,spanish,step_zero,2,97,0.86458550928529,base_seed,raw
row_to_token_assignment,correct_assignment_advantage,spanish_correct_assignment_advantage__map_2,spanish,step_zero,2,98,0.81441256629882,base_seed,raw
row_to_token_assignment,correct_assignment_advantage,spanish_correct_assignment_advantage__map_2,spanish,step_zero,2,99,0.995877296249617,base_seed,raw
row_to_token_assignment,correct_assignment_advantage,spanish_correct_assignment_advantage__map_2,spanish,step_zero,2,100,0.833188716795754,base_seed,raw
row_to_token_assignment,correct_assignment_advantage,spanish_correct_assignment_advantage__map_2,spanish,step_zero,2,101,0.698757011627423,base_seed,raw
row_to_token_assignment,correct_assignment_advantage,spanish_correct_assignment_advantage__map_2,spanish,learning_curve_auc,2,90,4.17680616619578,base_seed,raw
row_to_token_assignment,correct_assignment_advantage,spanish_correct_assignment_advantage__map_2,spanish,learning_curve_auc,2,91,3.9262653219874,base_seed,raw
row_to_token_assignment,correct_assignment_advantage,spanish_correct_assignment_advantage__map_2,spanish,learning_curve_auc,2,92,3.60339615578121,base_seed,raw
row_to_token_assignment,correct_assignment_advantage,spanish_correct_assignment_advantage__map_2,spanish,learning_curve_auc,2,93,4.35108500977075,base_seed,raw
row_to_token_assignment,correct_assignment_advantage,spanish_correct_assignment_advantage__map_2,spanish,learning_curve_auc,2,94,3.503151721251,base_seed,raw
row_to_token_assignment,correct_assignment_advantage,spanish_correct_assignment_advantage__map_2,spanish,learning_curve_auc,2,95,4.50940869074839,base_seed,raw
row_to_token_assignment,correct_assignment_advantage,spanish_correct_assignment_advantage__map_2,spanish,learning_curve_auc,2,96,4.71980643678831,base_seed,raw
row_to_token_assignment,correct_assignment_advantage,spanish_correct_assignment_advantage__map_2,spanish,learning_curve_auc,2,97,4.195528702103,base_seed,raw
row_to_token_assignment,correct_assignment_advantage,spanish_correct_assignment_advantage__map_2,spanish,learning_curve_auc,2,98,3.83165728825906,base_seed,raw
row_to_token_assignment,correct_assignment_advantage,spanish_correct_assignment_advantage__map_2,spanish,learning_curve_auc,2,99,4.89396951014995,base_seed,raw
row_to_token_assignment,correct_assignment_advantage,spanish_correct_assignment_advantage__map_2,spanish,learning_curve_auc,2,100,4.40450588962966,base_seed,raw
row_to_token_assignment,correct_assignment_advantage,spanish_correct_assignment_advantage__map_2,spanish,learning_curve_auc,2,101,3.7051743003315,base_seed,raw
row_to_token_assignment,correct_assignment_advantage,spanish_correct_assignment_advantage__map_3,spanish,step_zero,3,90,0.610739967682943,base_seed,raw
row_to_token_assignment,correct_assignment_advantage,spanish_correct_assignment_advantage__map_3,spanish,step_zero,3,91,0.817786823188605,base_seed,raw
row_to_token_assignment,correct_assignment_advantage,spanish_correct_assignment_advantage__map_3,spanish,step_zero,3,92,0.567558791199207,base_seed,raw
row_to_token_assignment,correct_assignment_advantage,spanish_correct_assignment_advantage__map_3,spanish,step_zero,3,93,0.732397724220029,base_seed,raw
row_to_token_assignment,correct_assignment_advantage,spanish_correct_assignment_advantage__map_3,spanish,step_zero,3,94,0.490925480875175,base_seed,raw
row_to_token_assignment,correct_assignment_advantage,spanish_correct_assignment_advantage__map_3,spanish,step_zero,3,95,0.741658560296627,base_seed,raw
row_to_token_assignment,correct_assignment_advantage,spanish_correct_assignment_advantage__map_3,spanish,step_zero,3,96,0.738731171304546,base_seed,raw
row_to_token_assignment,correct_assignment_advantage,spanish_correct_assignment_advantage__map_3,spanish,step_zero,3,97,0.744620348665505,base_seed,raw
row_to_token_assignment,correct_assignment_advantage,spanish_correct_assignment_advantage__map_3,spanish,step_zero,3,98,0.650874981785762,base_seed,raw
row_to_token_assignment,correct_assignment_advantage,spanish_correct_assignment_advantage__map_3,spanish,step_zero,3,99,0.815362077801343,base_seed,raw
row_to_token_assignment,correct_assignment_advantage,spanish_correct_assignment_advantage__map_3,spanish,step_zero,3,100,0.773474178552433,base_seed,raw
row_to_token_assignment,correct_assignment_advantage,spanish_correct_assignment_advantage__map_3,spanish,step_zero,3,101,0.754632469937574,base_seed,raw
row_to_token_assignment,correct_assignment_advantage,spanish_correct_assignment_advantage__map_3,spanish,learning_curve_auc,3,90,3.64970529590708,base_seed,raw
row_to_token_assignment,correct_assignment_advantage,spanish_correct_assignment_advantage__map_3,spanish,learning_curve_auc,3,91,4.22577491011032,base_seed,raw
row_to_token_assignment,correct_assignment_advantage,spanish_correct_assignment_advantage__map_3,spanish,learning_curve_auc,3,92,3.06041352318904,base_seed,raw
row_to_token_assignment,correct_assignment_advantage,spanish_correct_assignment_advantage__map_3,spanish,learning_curve_auc,3,93,3.59086963877841,base_seed,raw
row_to_token_assignment,correct_assignment_advantage,spanish_correct_assignment_advantage__map_3,spanish,learning_curve_auc,3,94,3.26727584584837,base_seed,raw
row_to_token_assignment,correct_assignment_advantage,spanish_correct_assignment_advantage__map_3,spanish,learning_curve_auc,3,95,4.13830916849575,base_seed,raw
row_to_token_assignment,correct_assignment_advantage,spanish_correct_assignment_advantage__map_3,spanish,learning_curve_auc,3,96,4.76346987114679,base_seed,raw
row_to_token_assignment,correct_assignment_advantage,spanish_correct_assignment_advantage__map_3,spanish,learning_curve_auc,3,97,3.59865981379911,base_seed,raw
row_to_token_assignment,correct_assignment_advantage,spanish_correct_assignment_advantage__map_3,spanish,learning_curve_auc,3,98,4.29244337571986,base_seed,raw
row_to_token_assignment,correct_assignment_advantage,spanish_correct_assignment_advantage__map_3,spanish,learning_curve_auc,3,99,4.24534287544995,base_seed,raw
row_to_token_assignment,correct_assignment_advantage,spanish_correct_assignment_advantage__map_3,spanish,learning_curve_auc,3,100,4.28851580606928,base_seed,raw
row_to_token_assignment,correct_assignment_advantage,spanish_correct_assignment_advantage__map_3,spanish,learning_curve_auc,3,101,3.89426698058547,base_seed,raw
row_to_token_assignment,correct_assignment_advantage,german_correct_assignment_advantage__map_1,german,step_zero,1,90,0.472380904490193,base_seed,raw
row_to_token_assignment,correct_assignment_advantage,german_correct_assignment_advantage__map_1,german,step_zero,1,91,0.368482529666367,base_seed,raw
row_to_token_assignment,correct_assignment_advantage,german_correct_assignment_advantage__map_1,german,step_zero,1,92,0.269217240804746,base_seed,raw
row_to_token_assignment,correct_assignment_advantage,german_correct_assignment_advantage__map_1,german,step_zero,1,93,0.61401646090213,base_seed,raw
row_to_token_assignment,correct_assignment_advantage,german_correct_assignment_advantage__map_1,german,step_zero,1,94,0.494616788562469,base_seed,raw
row_to_token_assignment,correct_assignment_advantage,german_correct_assignment_advantage__map_1,german,step_zero,1,95,0.461661733774081,base_seed,raw
row_to_token_assignment,correct_assignment_advantage,german_correct_assignment_advantage__map_1,german,step_zero,1,96,0.550926092009503,base_seed,raw
row_to_token_assignment,correct_assignment_advantage,german_correct_assignment_advantage__map_1,german,step_zero,1,97,0.614503988730983,base_seed,raw
row_to_token_assignment,correct_assignment_advantage,german_correct_assignment_advantage__map_1,german,step_zero,1,98,0.488351801319499,base_seed,raw
row_to_token_assignment,correct_assignment_advantage,german_correct_assignment_advantage__map_1,german,step_zero,1,99,0.548716315756194,base_seed,raw
row_to_token_assignment,correct_assignment_advantage,german_correct_assignment_advantage__map_1,german,step_zero,1,100,0.459020854574849,base_seed,raw
row_to_token_assignment,correct_assignment_advantage,german_correct_assignment_advantage__map_1,german,step_zero,1,101,0.561810721467451,base_seed,raw
row_to_token_assignment,correct_assignment_advantage,german_correct_assignment_advantage__map_1,german,learning_curve_auc,1,90,4.23919839316894,base_seed,raw
row_to_token_assignment,correct_assignment_advantage,german_correct_assignment_advantage__map_1,german,learning_curve_auc,1,91,2.68775943191221,base_seed,raw
row_to_token_assignment,correct_assignment_advantage,german_correct_assignment_advantage__map_1,german,learning_curve_auc,1,92,2.99253377056328,base_seed,raw
row_to_token_assignment,correct_assignment_advantage,german_correct_assignment_advantage__map_1,german,learning_curve_auc,1,93,3.67648318752583,base_seed,raw
row_to_token_assignment,correct_assignment_advantage,german_correct_assignment_advantage__map_1,german,learning_curve_auc,1,94,3.76389882580569,base_seed,raw
row_to_token_assignment,correct_assignment_advantage,german_correct_assignment_advantage__map_1,german,learning_curve_auc,1,95,3.61036044671867,base_seed,raw
row_to_token_assignment,correct_assignment_advantage,german_correct_assignment_advantage__map_1,german,learning_curve_auc,1,96,3.37554459050576,base_seed,raw
row_to_token_assignment,correct_assignment_advantage,german_correct_assignment_advantage__map_1,german,learning_curve_auc,1,97,3.99474238864903,base_seed,raw
row_to_token_assignment,correct_assignment_advantage,german_correct_assignment_advantage__map_1,german,learning_curve_auc,1,98,3.31964297812604,base_seed,raw
row_to_token_assignment,correct_assignment_advantage,german_correct_assignment_advantage__map_1,german,learning_curve_auc,1,99,3.78891213547086,base_seed,raw
row_to_token_assignment,correct_assignment_advantage,german_correct_assignment_advantage__map_1,german,learning_curve_auc,1,100,3.00078234445413,base_seed,raw
row_to_token_assignment,correct_assignment_advantage,german_correct_assignment_advantage__map_1,german,learning_curve_auc,1,101,3.64007726704009,base_seed,raw
row_to_token_assignment,correct_assignment_advantage,german_correct_assignment_advantage__map_2,german,step_zero,2,90,0.618375931535542,base_seed,raw
row_to_token_assignment,correct_assignment_advantage,german_correct_assignment_advantage__map_2,german,step_zero,2,91,0.367431833191017,base_seed,raw
row_to_token_assignment,correct_assignment_advantage,german_correct_assignment_advantage__map_2,german,step_zero,2,92,0.377206105651697,base_seed,raw
row_to_token_assignment,correct_assignment_advantage,german_correct_assignment_advantage__map_2,german,step_zero,2,93,0.646252822085012,base_seed,raw
row_to_token_assignment,correct_assignment_advantage,german_correct_assignment_advantage__map_2,german,step_zero,2,94,0.562971078848648,base_seed,raw
row_to_token_assignment,correct_assignment_advantage,german_correct_assignment_advantage__map_2,german,step_zero,2,95,0.482846864292063,base_seed,raw
row_to_token_assignment,correct_assignment_advantage,german_correct_assignment_advantage__map_2,german,step_zero,2,96,0.368337643947881,base_seed,raw
row_to_token_assignment,correct_assignment_advantage,german_correct_assignment_advantage__map_2,german,step_zero,2,97,0.519409100786481,base_seed,raw
row_to_token_assignment,correct_assignment_advantage,german_correct_assignment_advantage__map_2,german,step_zero,2,98,0.515147205228059,base_seed,raw
row_to_token_assignment,correct_assignment_advantage,german_correct_assignment_advantage__map_2,german,step_zero,2,99,0.615639356890292,base_seed,raw
row_to_token_assignment,correct_assignment_advantage,german_correct_assignment_advantage__map_2,german,step_zero,2,100,0.413145297912315,base_seed,raw
row_to_token_assignment,correct_assignment_advantage,german_correct_assignment_advantage__map_2,german,step_zero,2,101,0.653293367903301,base_seed,raw
row_to_token_assignment,correct_assignment_advantage,german_correct_assignment_advantage__map_2,german,learning_curve_auc,2,90,3.97276277359726,base_seed,raw
row_to_token_assignment,correct_assignment_advantage,german_correct_assignment_advantage__map_2,german,learning_curve_auc,2,91,2.68660462522961,base_seed,raw
row_to_token_assignment,correct_assignment_advantage,german_correct_assignment_advantage__map_2,german,learning_curve_auc,2,92,3.2047419831908,base_seed,raw
row_to_token_assignment,correct_assignment_advantage,german_correct_assignment_advantage__map_2,german,learning_curve_auc,2,93,3.58143897104076,base_seed,raw
row_to_token_assignment,correct_assignment_advantage,german_correct_assignment_advantage__map_2,german,learning_curve_auc,2,94,3.05344762562589,base_seed,raw
row_to_token_assignment,correct_assignment_advantage,german_correct_assignment_advantage__map_2,german,learning_curve_auc,2,95,3.26367930395326,base_seed,raw
row_to_token_assignment,correct_assignment_advantage,german_correct_assignment_advantage__map_2,german,learning_curve_auc,2,96,3.05617351063411,base_seed,raw
row_to_token_assignment,correct_assignment_advantage,german_correct_assignment_advantage__map_2,german,learning_curve_auc,2,97,3.45024784722483,base_seed,raw
row_to_token_assignment,correct_assignment_advantage,german_correct_assignment_advantage__map_2,german,learning_curve_auc,2,98,3.50582644408648,base_seed,raw
row_to_token_assignment,correct_assignment_advantage,german_correct_assignment_advantage__map_2,german,learning_curve_auc,2,99,3.70939205863447,base_seed,raw
row_to_token_assignment,correct_assignment_advantage,german_correct_assignment_advantage__map_2,german,learning_curve_auc,2,100,3.04924304009412,base_seed,raw
row_to_token_assignment,correct_assignment_advantage,german_correct_assignment_advantage__map_2,german,learning_curve_auc,2,101,3.89085295181161,base_seed,raw
row_to_token_assignment,correct_assignment_advantage,german_correct_assignment_advantage__map_3,german,step_zero,3,90,0.600168821144942,base_seed,raw
row_to_token_assignment,correct_assignment_advantage,german_correct_assignment_advantage__map_3,german,step_zero,3,91,0.422423260937991,base_seed,raw
row_to_token_assignment,correct_assignment_advantage,german_correct_assignment_advantage__map_3,german,step_zero,3,92,0.31320719499249,base_seed,raw
row_to_token_assignment,correct_assignment_advantage,german_correct_assignment_advantage__map_3,german,step_zero,3,93,0.593468893182864,base_seed,raw
row_to_token_assignment,correct_assignment_advantage,german_correct_assignment_advantage__map_3,german,step_zero,3,94,0.513931565875887,base_seed,raw
row_to_token_assignment,correct_assignment_advantage,german_correct_assignment_advantage__map_3,german,step_zero,3,95,0.438180729637139,base_seed,raw
row_to_token_assignment,correct_assignment_advantage,german_correct_assignment_advantage__map_3,german,step_zero,3,96,0.433321319573046,base_seed,raw
row_to_token_assignment,correct_assignment_advantage,german_correct_assignment_advantage__map_3,german,step_zero,3,97,0.454234808892851,base_seed,raw
row_to_token_assignment,correct_assignment_advantage,german_correct_assignment_advantage__map_3,german,step_zero,3,98,0.343879870725865,base_seed,raw
row_to_token_assignment,correct_assignment_advantage,german_correct_assignment_advantage__map_3,german,step_zero,3,99,0.570208182896113,base_seed,raw
row_to_token_assignment,correct_assignment_advantage,german_correct_assignment_advantage__map_3,german,step_zero,3,100,0.519731852223856,base_seed,raw
row_to_token_assignment,correct_assignment_advantage,german_correct_assignment_advantage__map_3,german,step_zero,3,101,0.535967173344605,base_seed,raw
row_to_token_assignment,correct_assignment_advantage,german_correct_assignment_advantage__map_3,german,learning_curve_auc,3,90,4.06771371703637,base_seed,raw
row_to_token_assignment,correct_assignment_advantage,german_correct_assignment_advantage__map_3,german,learning_curve_auc,3,91,3.43582641894863,base_seed,raw
row_to_token_assignment,correct_assignment_advantage,german_correct_assignment_advantage__map_3,german,learning_curve_auc,3,92,2.98510617791678,base_seed,raw
row_to_token_assignment,correct_assignment_advantage,german_correct_assignment_advantage__map_3,german,learning_curve_auc,3,93,3.85698560387634,base_seed,raw
row_to_token_assignment,correct_assignment_advantage,german_correct_assignment_advantage__map_3,german,learning_curve_auc,3,94,3.34068288001889,base_seed,raw
row_to_token_assignment,correct_assignment_advantage,german_correct_assignment_advantage__map_3,german,learning_curve_auc,3,95,3.53699000106632,base_seed,raw
row_to_token_assignment,correct_assignment_advantage,german_correct_assignment_advantage__map_3,german,learning_curve_auc,3,96,3.38684918981458,base_seed,raw
row_to_token_assignment,correct_assignment_advantage,german_correct_assignment_advantage__map_3,german,learning_curve_auc,3,97,3.63561590122993,base_seed,raw
row_to_token_assignment,correct_assignment_advantage,german_correct_assignment_advantage__map_3,german,learning_curve_auc,3,98,3.21350948834144,base_seed,raw
row_to_token_assignment,correct_assignment_advantage,german_correct_assignment_advantage__map_3,german,learning_curve_auc,3,99,3.99615307024291,base_seed,raw
row_to_token_assignment,correct_assignment_advantage,german_correct_assignment_advantage__map_3,german,learning_curve_auc,3,100,3.66883584803016,base_seed,raw
row_to_token_assignment,correct_assignment_advantage,german_correct_assignment_advantage__map_3,german,learning_curve_auc,3,101,3.29246322592995,base_seed,raw
row_to_token_assignment,remaining_effect_after_reassignment,spanish_map_1_initial_minus_reassigned,spanish,step_zero,1,90,0.621263651615101,base_seed,raw
row_to_token_assignment,remaining_effect_after_reassignment,spanish_map_1_initial_minus_reassigned,spanish,step_zero,1,91,0.593978762407597,base_seed,raw
row_to_token_assignment,remaining_effect_after_reassignment,spanish_map_1_initial_minus_reassigned,spanish,step_zero,1,92,0.851849640381847,base_seed,raw
row_to_token_assignment,remaining_effect_after_reassignment,spanish_map_1_initial_minus_reassigned,spanish,step_zero,1,93,0.804380798199942,base_seed,raw
row_to_token_assignment,remaining_effect_after_reassignment,spanish_map_1_initial_minus_reassigned,spanish,step_zero,1,94,0.771255866200252,base_seed,raw
row_to_token_assignment,remaining_effect_after_reassignment,spanish_map_1_initial_minus_reassigned,spanish,step_zero,1,95,0.680169313575333,base_seed,raw
row_to_token_assignment,remaining_effect_after_reassignment,spanish_map_1_initial_minus_reassigned,spanish,step_zero,1,96,0.628603017923321,base_seed,raw
row_to_token_assignment,remaining_effect_after_reassignment,spanish_map_1_initial_minus_reassigned,spanish,step_zero,1,97,0.644781668676076,base_seed,raw
row_to_token_assignment,remaining_effect_after_reassignment,spanish_map_1_initial_minus_reassigned,spanish,step_zero,1,98,0.883427821335392,base_seed,raw
row_to_token_assignment,remaining_effect_after_reassignment,spanish_map_1_initial_minus_reassigned,spanish,step_zero,1,99,0.729301632895769,base_seed,raw
row_to_token_assignment,remaining_effect_after_reassignment,spanish_map_1_initial_minus_reassigned,spanish,step_zero,1,100,0.749948813701273,base_seed,raw
row_to_token_assignment,remaining_effect_after_reassignment,spanish_map_1_initial_minus_reassigned,spanish,step_zero,1,101,0.456705856101783,base_seed,raw
row_to_token_assignment,remaining_effect_after_reassignment,spanish_map_1_initial_minus_reassigned,spanish,learning_curve_auc,1,90,1.9306895690856,base_seed,raw
row_to_token_assignment,remaining_effect_after_reassignment,spanish_map_1_initial_minus_reassigned,spanish,learning_curve_auc,1,91,1.45272010140705,base_seed,raw
row_to_token_assignment,remaining_effect_after_reassignment,spanish_map_1_initial_minus_reassigned,spanish,learning_curve_auc,1,92,1.77252765012877,base_seed,raw
row_to_token_assignment,remaining_effect_after_reassignment,spanish_map_1_initial_minus_reassigned,spanish,learning_curve_auc,1,93,2.20557479755534,base_seed,raw
row_to_token_assignment,remaining_effect_after_reassignment,spanish_map_1_initial_minus_reassigned,spanish,learning_curve_auc,1,94,1.88820180908785,base_seed,raw
row_to_token_assignment,remaining_effect_after_reassignment,spanish_map_1_initial_minus_reassigned,spanish,learning_curve_auc,1,95,1.29752239189328,base_seed,raw
row_to_token_assignment,remaining_effect_after_reassignment,spanish_map_1_initial_minus_reassigned,spanish,learning_curve_auc,1,96,0.917724223535745,base_seed,raw
row_to_token_assignment,remaining_effect_after_reassignment,spanish_map_1_initial_minus_reassigned,spanish,learning_curve_auc,1,97,1.20553559052001,base_seed,raw
row_to_token_assignment,remaining_effect_after_reassignment,spanish_map_1_initial_minus_reassigned,spanish,learning_curve_auc,1,98,2.15312743017203,base_seed,raw
row_to_token_assignment,remaining_effect_after_reassignment,spanish_map_1_initial_minus_reassigned,spanish,learning_curve_auc,1,99,1.94178558072808,base_seed,raw
row_to_token_assignment,remaining_effect_after_reassignment,spanish_map_1_initial_minus_reassigned,spanish,learning_curve_auc,1,100,1.65339792290013,base_seed,raw
row_to_token_assignment,remaining_effect_after_reassignment,spanish_map_1_initial_minus_reassigned,spanish,learning_curve_auc,1,101,0.495452653941224,base_seed,raw
row_to_token_assignment,remaining_effect_after_reassignment,spanish_map_2_initial_minus_reassigned,spanish,step_zero,2,90,0.407780639908147,base_seed,raw
row_to_token_assignment,remaining_effect_after_reassignment,spanish_map_2_initial_minus_reassigned,spanish,step_zero,2,91,0.384181634354662,base_seed,raw
row_to_token_assignment,remaining_effect_after_reassignment,spanish_map_2_initial_minus_reassigned,spanish,step_zero,2,92,0.581228941010922,base_seed,raw
row_to_token_assignment,remaining_effect_after_reassignment,spanish_map_2_initial_minus_reassigned,spanish,step_zero,2,93,0.454126706957237,base_seed,raw
row_to_token_assignment,remaining_effect_after_reassignment,spanish_map_2_initial_minus_reassigned,spanish,step_zero,2,94,0.598037477259875,base_seed,raw
row_to_token_assignment,remaining_effect_after_reassignment,spanish_map_2_initial_minus_reassigned,spanish,step_zero,2,95,0.490119202377806,base_seed,raw
row_to_token_assignment,remaining_effect_after_reassignment,spanish_map_2_initial_minus_reassigned,spanish,step_zero,2,96,0.42690856300931,base_seed,raw
row_to_token_assignment,remaining_effect_after_reassignment,spanish_map_2_initial_minus_reassigned,spanish,step_zero,2,97,0.344567462950368,base_seed,raw
row_to_token_assignment,remaining_effect_after_reassignment,spanish_map_2_initial_minus_reassigned,spanish,step_zero,2,98,0.557015214575337,base_seed,raw
row_to_token_assignment,remaining_effect_after_reassignment,spanish_map_2_initial_minus_reassigned,spanish,step_zero,2,99,0.395137965522612,base_seed,raw
row_to_token_assignment,remaining_effect_after_reassignment,spanish_map_2_initial_minus_reassigned,spanish,step_zero,2,100,0.539732071380652,base_seed,raw
row_to_token_assignment,remaining_effect_after_reassignment,spanish_map_2_initial_minus_reassigned,spanish,step_zero,2,101,0.427420493744268,base_seed,raw
row_to_token_assignment,remaining_effect_after_reassignment,spanish_map_2_initial_minus_reassigned,spanish,learning_curve_auc,2,90,0.973832013004334,base_seed,raw
row_to_token_assignment,remaining_effect_after_reassignment,spanish_map_2_initial_minus_reassigned,spanish,learning_curve_auc,2,91,1.52178933114737,base_seed,raw
row_to_token_assignment,remaining_effect_after_reassignment,spanish_map_2_initial_minus_reassigned,spanish,learning_curve_auc,2,92,1.59172522043123,base_seed,raw
row_to_token_assignment,remaining_effect_after_reassignment,spanish_map_2_initial_minus_reassigned,spanish,learning_curve_auc,2,93,1.2199921137273,base_seed,raw
row_to_token_assignment,remaining_effect_after_reassignment,spanish_map_2_initial_minus_reassigned,spanish,learning_curve_auc,2,94,1.64408935230243,base_seed,raw
row_to_token_assignment,remaining_effect_after_reassignment,spanish_map_2_initial_minus_reassigned,spanish,learning_curve_auc,2,95,0.931139700043193,base_seed,raw
row_to_token_assignment,remaining_effect_after_reassignment,spanish_map_2_initial_minus_reassigned,spanish,learning_curve_auc,2,96,1.02194729089673,base_seed,raw
row_to_token_assignment,remaining_effect_after_reassignment,spanish_map_2_initial_minus_reassigned,spanish,learning_curve_auc,2,97,0.896260966509392,base_seed,raw
row_to_token_assignment,remaining_effect_after_reassignment,spanish_map_2_initial_minus_reassigned,spanish,learning_curve_auc,2,98,1.9030102842184,base_seed,raw
row_to_token_assignment,remaining_effect_after_reassignment,spanish_map_2_initial_minus_reassigned,spanish,learning_curve_auc,2,99,1.30118457235775,base_seed,raw
row_to_token_assignment,remaining_effect_after_reassignment,spanish_map_2_initial_minus_reassigned,spanish,learning_curve_auc,2,100,1.13750357542945,base_seed,raw
row_to_token_assignment,remaining_effect_after_reassignment,spanish_map_2_initial_minus_reassigned,spanish,learning_curve_auc,2,101,1.29198320311578,base_seed,raw
row_to_token_assignment,remaining_effect_after_reassignment,spanish_map_3_initial_minus_reassigned,spanish,step_zero,3,90,0.415551003103893,base_seed,raw
row_to_token_assignment,remaining_effect_after_reassignment,spanish_map_3_initial_minus_reassigned,spanish,step_zero,3,91,0.426386335463598,base_seed,raw
row_to_token_assignment,remaining_effect_after_reassignment,spanish_map_3_initial_minus_reassigned,spanish,step_zero,3,92,0.665091469923452,base_seed,raw
row_to_token_assignment,remaining_effect_after_reassignment,spanish_map_3_initial_minus_reassigned,spanish,step_zero,3,93,0.60925425393372,base_seed,raw
row_to_token_assignment,remaining_effect_after_reassignment,spanish_map_3_initial_minus_reassigned,spanish,step_zero,3,94,0.662793896989725,base_seed,raw
row_to_token_assignment,remaining_effect_after_reassignment,spanish_map_3_initial_minus_reassigned,spanish,step_zero,3,95,0.544442858449737,base_seed,raw
row_to_token_assignment,remaining_effect_after_reassignment,spanish_map_3_initial_minus_reassigned,spanish,step_zero,3,96,0.544544234764,base_seed,raw
row_to_token_assignment,remaining_effect_after_reassignment,spanish_map_3_initial_minus_reassigned,spanish,step_zero,3,97,0.464532623570153,base_seed,raw
row_to_token_assignment,remaining_effect_after_reassignment,spanish_map_3_initial_minus_reassigned,spanish,step_zero,3,98,0.720552799088395,base_seed,raw
row_to_token_assignment,remaining_effect_after_reassignment,spanish_map_3_initial_minus_reassigned,spanish,step_zero,3,99,0.575653183970886,base_seed,raw
row_to_token_assignment,remaining_effect_after_reassignment,spanish_map_3_initial_minus_reassigned,spanish,step_zero,3,100,0.599446609623974,base_seed,raw
row_to_token_assignment,remaining_effect_after_reassignment,spanish_map_3_initial_minus_reassigned,spanish,step_zero,3,101,0.371545035434117,base_seed,raw
row_to_token_assignment,remaining_effect_after_reassignment,spanish_map_3_initial_minus_reassigned,spanish,learning_curve_auc,3,90,1.50093288329303,base_seed,raw
row_to_token_assignment,remaining_effect_after_reassignment,spanish_map_3_initial_minus_reassigned,spanish,learning_curve_auc,3,91,1.22227974302444,base_seed,raw
row_to_token_assignment,remaining_effect_after_reassignment,spanish_map_3_initial_minus_reassigned,spanish,learning_curve_auc,3,92,2.1347078530234,base_seed,raw
row_to_token_assignment,remaining_effect_after_reassignment,spanish_map_3_initial_minus_reassigned,spanish,learning_curve_auc,3,93,1.98020748471964,base_seed,raw
row_to_token_assignment,remaining_effect_after_reassignment,spanish_map_3_initial_minus_reassigned,spanish,learning_curve_auc,3,94,1.87996522770506,base_seed,raw
row_to_token_assignment,remaining_effect_after_reassignment,spanish_map_3_initial_minus_reassigned,spanish,learning_curve_auc,3,95,1.30223922229584,base_seed,raw
row_to_token_assignment,remaining_effect_after_reassignment,spanish_map_3_initial_minus_reassigned,spanish,learning_curve_auc,3,96,0.978283856538248,base_seed,raw
row_to_token_assignment,remaining_effect_after_reassignment,spanish_map_3_initial_minus_reassigned,spanish,learning_curve_auc,3,97,1.49312985481328,base_seed,raw
row_to_token_assignment,remaining_effect_after_reassignment,spanish_map_3_initial_minus_reassigned,spanish,learning_curve_auc,3,98,1.4422241967576,base_seed,raw
row_to_token_assignment,remaining_effect_after_reassignment,spanish_map_3_initial_minus_reassigned,spanish,learning_curve_auc,3,99,1.94981120705775,base_seed,raw
row_to_token_assignment,remaining_effect_after_reassignment,spanish_map_3_initial_minus_reassigned,spanish,learning_curve_auc,3,100,1.25349365898983,base_seed,raw
row_to_token_assignment,remaining_effect_after_reassignment,spanish_map_3_initial_minus_reassigned,spanish,learning_curve_auc,3,101,1.10289052286181,base_seed,raw
row_to_token_assignment,remaining_effect_after_reassignment,german_map_1_initial_minus_reassigned,german,step_zero,1,90,0.843910331505808,base_seed,raw
row_to_token_assignment,remaining_effect_after_reassignment,german_map_1_initial_minus_reassigned,german,step_zero,1,91,0.813546829922826,base_seed,raw
row_to_token_assignment,remaining_effect_after_reassignment,german_map_1_initial_minus_reassigned,german,step_zero,1,92,0.870136511358502,base_seed,raw
row_to_token_assignment,remaining_effect_after_reassignment,german_map_1_initial_minus_reassigned,german,step_zero,1,93,0.81479514183875,base_seed,raw
row_to_token_assignment,remaining_effect_after_reassignment,german_map_1_initial_minus_reassigned,german,step_zero,1,94,0.836662574658425,base_seed,raw
row_to_token_assignment,remaining_effect_after_reassignment,german_map_1_initial_minus_reassigned,german,step_zero,1,95,0.811573782041144,base_seed,raw
row_to_token_assignment,remaining_effect_after_reassignment,german_map_1_initial_minus_reassigned,german,step_zero,1,96,0.683234944511998,base_seed,raw
row_to_token_assignment,remaining_effect_after_reassignment,german_map_1_initial_minus_reassigned,german,step_zero,1,97,0.677584496055815,base_seed,raw
row_to_token_assignment,remaining_effect_after_reassignment,german_map_1_initial_minus_reassigned,german,step_zero,1,98,0.635137704564444,base_seed,raw
row_to_token_assignment,remaining_effect_after_reassignment,german_map_1_initial_minus_reassigned,german,step_zero,1,99,0.688623288203303,base_seed,raw
row_to_token_assignment,remaining_effect_after_reassignment,german_map_1_initial_minus_reassigned,german,step_zero,1,100,0.742337225164242,base_seed,raw
row_to_token_assignment,remaining_effect_after_reassignment,german_map_1_initial_minus_reassigned,german,step_zero,1,101,0.758942299027717,base_seed,raw
row_to_token_assignment,remaining_effect_after_reassignment,german_map_1_initial_minus_reassigned,german,learning_curve_auc,1,90,1.03747925102967,base_seed,raw
row_to_token_assignment,remaining_effect_after_reassignment,german_map_1_initial_minus_reassigned,german,learning_curve_auc,1,91,1.82927963760876,base_seed,raw
row_to_token_assignment,remaining_effect_after_reassignment,german_map_1_initial_minus_reassigned,german,learning_curve_auc,1,92,1.823037222165,base_seed,raw
row_to_token_assignment,remaining_effect_after_reassignment,german_map_1_initial_minus_reassigned,german,learning_curve_auc,1,93,2.14643838467856,base_seed,raw
row_to_token_assignment,remaining_effect_after_reassignment,german_map_1_initial_minus_reassigned,german,learning_curve_auc,1,94,1.5284031180022,base_seed,raw
row_to_token_assignment,remaining_effect_after_reassignment,german_map_1_initial_minus_reassigned,german,learning_curve_auc,1,95,1.193752754338,base_seed,raw
row_to_token_assignment,remaining_effect_after_reassignment,german_map_1_initial_minus_reassigned,german,learning_curve_auc,1,96,1.6674776348398,base_seed,raw
row_to_token_assignment,remaining_effect_after_reassignment,german_map_1_initial_minus_reassigned,german,learning_curve_auc,1,97,1.73341850789321,base_seed,raw
row_to_token_assignment,remaining_effect_after_reassignment,german_map_1_initial_minus_reassigned,german,learning_curve_auc,1,98,1.33006128582919,base_seed,raw
row_to_token_assignment,remaining_effect_after_reassignment,german_map_1_initial_minus_reassigned,german,learning_curve_auc,1,99,1.2115939468139,base_seed,raw
row_to_token_assignment,remaining_effect_after_reassignment,german_map_1_initial_minus_reassigned,german,learning_curve_auc,1,100,1.82686327066975,base_seed,raw
row_to_token_assignment,remaining_effect_after_reassignment,german_map_1_initial_minus_reassigned,german,learning_curve_auc,1,101,1.83925605483071,base_seed,raw
row_to_token_assignment,remaining_effect_after_reassignment,german_map_2_initial_minus_reassigned,german,step_zero,2,90,0.697915304460459,base_seed,raw
row_to_token_assignment,remaining_effect_after_reassignment,german_map_2_initial_minus_reassigned,german,step_zero,2,91,0.814597526398176,base_seed,raw
row_to_token_assignment,remaining_effect_after_reassignment,german_map_2_initial_minus_reassigned,german,step_zero,2,92,0.76214764651155,base_seed,raw
row_to_token_assignment,remaining_effect_after_reassignment,german_map_2_initial_minus_reassigned,german,step_zero,2,93,0.782558780655868,base_seed,raw
row_to_token_assignment,remaining_effect_after_reassignment,german_map_2_initial_minus_reassigned,german,step_zero,2,94,0.768308284372246,base_seed,raw
row_to_token_assignment,remaining_effect_after_reassignment,german_map_2_initial_minus_reassigned,german,step_zero,2,95,0.790388651523162,base_seed,raw
row_to_token_assignment,remaining_effect_after_reassignment,german_map_2_initial_minus_reassigned,german,step_zero,2,96,0.865823392573619,base_seed,raw
row_to_token_assignment,remaining_effect_after_reassignment,german_map_2_initial_minus_reassigned,german,step_zero,2,97,0.772679384000317,base_seed,raw
row_to_token_assignment,remaining_effect_after_reassignment,german_map_2_initial_minus_reassigned,german,step_zero,2,98,0.608342300655884,base_seed,raw
row_to_token_assignment,remaining_effect_after_reassignment,german_map_2_initial_minus_reassigned,german,step_zero,2,99,0.621700247069204,base_seed,raw
row_to_token_assignment,remaining_effect_after_reassignment,german_map_2_initial_minus_reassigned,german,step_zero,2,100,0.788212781826775,base_seed,raw
row_to_token_assignment,remaining_effect_after_reassignment,german_map_2_initial_minus_reassigned,german,step_zero,2,101,0.667459652591868,base_seed,raw
row_to_token_assignment,remaining_effect_after_reassignment,german_map_2_initial_minus_reassigned,german,learning_curve_auc,2,90,1.30391487060136,base_seed,raw
row_to_token_assignment,remaining_effect_after_reassignment,german_map_2_initial_minus_reassigned,german,learning_curve_auc,2,91,1.83043444429136,base_seed,raw
row_to_token_assignment,remaining_effect_after_reassignment,german_map_2_initial_minus_reassigned,german,learning_curve_auc,2,92,1.61082900953748,base_seed,raw
row_to_token_assignment,remaining_effect_after_reassignment,german_map_2_initial_minus_reassigned,german,learning_curve_auc,2,93,2.24148260116363,base_seed,raw
row_to_token_assignment,remaining_effect_after_reassignment,german_map_2_initial_minus_reassigned,german,learning_curve_auc,2,94,2.238854318182,base_seed,raw
row_to_token_assignment,remaining_effect_after_reassignment,german_map_2_initial_minus_reassigned,german,learning_curve_auc,2,95,1.54043389710341,base_seed,raw
row_to_token_assignment,remaining_effect_after_reassignment,german_map_2_initial_minus_reassigned,german,learning_curve_auc,2,96,1.98684871471145,base_seed,raw
row_to_token_assignment,remaining_effect_after_reassignment,german_map_2_initial_minus_reassigned,german,learning_curve_auc,2,97,2.27791304931741,base_seed,raw
row_to_token_assignment,remaining_effect_after_reassignment,german_map_2_initial_minus_reassigned,german,learning_curve_auc,2,98,1.14387781986876,base_seed,raw
row_to_token_assignment,remaining_effect_after_reassignment,german_map_2_initial_minus_reassigned,german,learning_curve_auc,2,99,1.29111402365029,base_seed,raw
row_to_token_assignment,remaining_effect_after_reassignment,german_map_2_initial_minus_reassigned,german,learning_curve_auc,2,100,1.77840257502976,base_seed,raw
row_to_token_assignment,remaining_effect_after_reassignment,german_map_2_initial_minus_reassigned,german,learning_curve_auc,2,101,1.58848037005919,base_seed,raw
row_to_token_assignment,remaining_effect_after_reassignment,german_map_3_initial_minus_reassigned,german,step_zero,3,90,0.716122414851059,base_seed,raw
row_to_token_assignment,remaining_effect_after_reassignment,german_map_3_initial_minus_reassigned,german,step_zero,3,91,0.759606098651202,base_seed,raw
row_to_token_assignment,remaining_effect_after_reassignment,german_map_3_initial_minus_reassigned,german,step_zero,3,92,0.826146557170758,base_seed,raw
row_to_token_assignment,remaining_effect_after_reassignment,german_map_3_initial_minus_reassigned,german,step_zero,3,93,0.835342709558017,base_seed,raw
row_to_token_assignment,remaining_effect_after_reassignment,german_map_3_initial_minus_reassigned,german,step_zero,3,94,0.817347797345007,base_seed,raw
row_to_token_assignment,remaining_effect_after_reassignment,german_map_3_initial_minus_reassigned,german,step_zero,3,95,0.835054786178086,base_seed,raw
row_to_token_assignment,remaining_effect_after_reassignment,german_map_3_initial_minus_reassigned,german,step_zero,3,96,0.800839716948454,base_seed,raw
row_to_token_assignment,remaining_effect_after_reassignment,german_map_3_initial_minus_reassigned,german,step_zero,3,97,0.837853675893947,base_seed,raw
row_to_token_assignment,remaining_effect_after_reassignment,german_map_3_initial_minus_reassigned,german,step_zero,3,98,0.779609635158078,base_seed,raw
row_to_token_assignment,remaining_effect_after_reassignment,german_map_3_initial_minus_reassigned,german,step_zero,3,99,0.667131421063384,base_seed,raw
row_to_token_assignment,remaining_effect_after_reassignment,german_map_3_initial_minus_reassigned,german,step_zero,3,100,0.681626227515234,base_seed,raw
row_to_token_assignment,remaining_effect_after_reassignment,german_map_3_initial_minus_reassigned,german,step_zero,3,101,0.784785847150564,base_seed,raw
row_to_token_assignment,remaining_effect_after_reassignment,german_map_3_initial_minus_reassigned,german,learning_curve_auc,3,90,1.20896392716224,base_seed,raw
row_to_token_assignment,remaining_effect_after_reassignment,german_map_3_initial_minus_reassigned,german,learning_curve_auc,3,91,1.08121265057233,base_seed,raw
row_to_token_assignment,remaining_effect_after_reassignment,german_map_3_initial_minus_reassigned,german,learning_curve_auc,3,92,1.83046481481149,base_seed,raw
row_to_token_assignment,remaining_effect_after_reassignment,german_map_3_initial_minus_reassigned,german,learning_curve_auc,3,93,1.96593596832805,base_seed,raw
row_to_token_assignment,remaining_effect_after_reassignment,german_map_3_initial_minus_reassigned,german,learning_curve_auc,3,94,1.95161906378899,base_seed,raw
row_to_token_assignment,remaining_effect_after_reassignment,german_map_3_initial_minus_reassigned,german,learning_curve_auc,3,95,1.26712319999035,base_seed,raw
row_to_token_assignment,remaining_effect_after_reassignment,german_map_3_initial_minus_reassigned,german,learning_curve_auc,3,96,1.65617303553098,base_seed,raw
row_to_token_assignment,remaining_effect_after_reassignment,german_map_3_initial_minus_reassigned,german,learning_curve_auc,3,97,2.09254499531231,base_seed,raw
row_to_token_assignment,remaining_effect_after_reassignment,german_map_3_initial_minus_reassigned,german,learning_curve_auc,3,98,1.43619477561379,base_seed,raw
row_to_token_assignment,remaining_effect_after_reassignment,german_map_3_initial_minus_reassigned,german,learning_curve_auc,3,99,1.00435301204184,base_seed,raw
row_to_token_assignment,remaining_effect_after_reassignment,german_map_3_initial_minus_reassigned,german,learning_curve_auc,3,100,1.15880976709372,base_seed,raw
row_to_token_assignment,remaining_effect_after_reassignment,german_map_3_initial_minus_reassigned,german,learning_curve_auc,3,101,2.18687009594084,base_seed,raw
