specification,receiving_body_language,row_language,reference_rows,outcome,units,n,estimate,ci95_low,ci95_high
per_target_piece,spanish,spanish,initial,step_zero,standardized_slope_difference,12,0.210132750177237,0.154828407904483,0.265437092449991
per_target_piece,spanish,spanish,english_trained,step_zero,standardized_slope_difference,12,0.264178159968694,0.184280816361714,0.344075503575674
per_target_piece,spanish,german,initial,step_zero,standardized_slope_difference,12,0.0621593485504262,0.0137107989955849,0.110607898105268
per_target_piece,spanish,german,english_trained,step_zero,standardized_slope_difference,12,0.104942259191534,0.0527106386838409,0.157173879699228
per_target_piece,spanish,spanish,initial,learning_curve_auc,standardized_slope_difference,12,0.319570723828192,0.303041641363902,0.336099806292483
per_target_piece,spanish,spanish,english_trained,learning_curve_auc,standardized_slope_difference,12,0.283393516553154,0.255552355428549,0.311234677677758
per_target_piece,spanish,german,initial,learning_curve_auc,standardized_slope_difference,12,0.0624967571860645,0.0385380951815878,0.0864554191905411
per_target_piece,spanish,german,english_trained,learning_curve_auc,standardized_slope_difference,12,0.0992734675645634,0.0791917693380814,0.119355165791045
per_target_piece,german,spanish,initial,step_zero,standardized_slope_difference,12,0.137988638015568,0.0662585581508784,0.209718717880258
per_target_piece,german,spanish,english_trained,step_zero,standardized_slope_difference,12,0.181504974289102,0.0786329253881752,0.284377023190029
per_target_piece,german,german,initial,step_zero,standardized_slope_difference,12,0.267873693754582,0.228187497853294,0.30755988965587
per_target_piece,german,german,english_trained,step_zero,standardized_slope_difference,12,0.272274159036075,0.216558839070388,0.327989479001763
per_target_piece,german,spanish,initial,learning_curve_auc,standardized_slope_difference,12,0.108076228930929,0.0790843736512511,0.137068084210607
per_target_piece,german,spanish,english_trained,learning_curve_auc,standardized_slope_difference,12,0.118349918108363,0.0743096930620274,0.162390143154698
per_target_piece,german,german,initial,learning_curve_auc,standardized_slope_difference,12,0.286487880712852,0.270669273657354,0.30230648776835
per_target_piece,german,german,english_trained,learning_curve_auc,standardized_slope_difference,12,0.295811955594995,0.269109175912319,0.322514735277671
per_target_piece,english,spanish,initial,step_zero,standardized_slope_difference,12,0.0741246473900107,-0.0313240912517132,0.179573386031735
per_target_piece,english,spanish,english_trained,step_zero,standardized_slope_difference,12,0.173633049014367,0.0849677537422734,0.262298344286461
per_target_piece,english,german,initial,step_zero,standardized_slope_difference,12,-0.0489841901530022,-0.129483272639108,0.0315148923331034
per_target_piece,english,german,english_trained,step_zero,standardized_slope_difference,12,0.125378224019132,0.046435182070994,0.204321265967269
per_target_piece,english,spanish,initial,learning_curve_auc,standardized_slope_difference,12,0.0793742518391159,0.0397630330353608,0.118985470642871
per_target_piece,english,spanish,english_trained,learning_curve_auc,standardized_slope_difference,12,0.171375953298543,0.131304217197043,0.211447689400043
per_target_piece,english,german,initial,learning_curve_auc,standardized_slope_difference,12,0.0448557813483991,0.0090125107272038,0.0806990519695944
per_target_piece,english,german,english_trained,learning_curve_auc,standardized_slope_difference,12,0.199226004907913,0.149332335546653,0.249119674269174
raw_scale,spanish,spanish,initial,step_zero,nats_per_unit_similarity,12,1.37273364271281,1.28709612001108,1.45837116541453
raw_scale,spanish,spanish,english_trained,step_zero,nats_per_unit_similarity,12,1.46585242980077,1.30472420895298,1.62698065064857
raw_scale,spanish,german,initial,step_zero,nats_per_unit_similarity,12,0.241137109031777,0.122392814953752,0.359881403109802
raw_scale,spanish,german,english_trained,step_zero,nats_per_unit_similarity,12,0.385643273152854,0.26105789009342,0.510228656212288
raw_scale,spanish,spanish,initial,learning_curve_auc,nats_times_log_update_per_unit_similarity,12,6.14349656848501,5.85293499244074,6.43405814452927
raw_scale,spanish,spanish,english_trained,learning_curve_auc,nats_times_log_update_per_unit_similarity,12,7.35302089960815,6.91887101125605,7.78717078796025
raw_scale,spanish,german,initial,learning_curve_auc,nats_times_log_update_per_unit_similarity,12,1.24925480006318,0.820681904283976,1.67782769584238
raw_scale,spanish,german,english_trained,learning_curve_auc,nats_times_log_update_per_unit_similarity,12,2.91630426574835,2.64875490272766,3.18385362876904
raw_scale,german,spanish,initial,step_zero,nats_per_unit_similarity,12,0.359241760770167,0.164346387881834,0.554137133658501
raw_scale,german,spanish,english_trained,step_zero,nats_per_unit_similarity,12,0.600096369264869,0.318734402515471,0.881458336014267
raw_scale,german,german,initial,step_zero,nats_per_unit_similarity,12,1.4325927920584,1.38686603748453,1.47831954663228
raw_scale,german,german,english_trained,step_zero,nats_per_unit_similarity,12,1.45716054703172,1.35408023170889,1.56024086235456
raw_scale,german,spanish,initial,learning_curve_auc,nats_times_log_update_per_unit_similarity,12,1.69516067859154,1.19418107385054,2.19614028333254
raw_scale,german,spanish,english_trained,learning_curve_auc,nats_times_log_update_per_unit_similarity,12,3.54076484607831,2.88410906679261,4.19742062536401
raw_scale,german,german,initial,learning_curve_auc,nats_times_log_update_per_unit_similarity,12,5.88205386441748,5.5827628286669,6.18134490016806
raw_scale,german,german,english_trained,learning_curve_auc,nats_times_log_update_per_unit_similarity,12,6.94275742234315,6.62982619316963,7.25568865151667
raw_scale,english,spanish,initial,step_zero,nats_per_unit_similarity,12,0.126826911288173,-0.0929835782148885,0.346637400791235
raw_scale,english,spanish,english_trained,step_zero,nats_per_unit_similarity,12,1.50269323571006,1.28729447164707,1.71809199977304
raw_scale,english,german,initial,step_zero,nats_per_unit_similarity,12,0.018176250139217,-0.180041412725471,0.216393913003905
raw_scale,english,german,english_trained,step_zero,nats_per_unit_similarity,12,1.03357213829224,0.829219858707516,1.23792441787696
raw_scale,english,spanish,initial,learning_curve_auc,nats_times_log_update_per_unit_similarity,12,1.55902219360337,1.00710667914944,2.11093770805729
raw_scale,english,spanish,english_trained,learning_curve_auc,nats_times_log_update_per_unit_similarity,12,7.41934299806781,6.92837064420914,7.91031535192648
raw_scale,english,german,initial,learning_curve_auc,nats_times_log_update_per_unit_similarity,12,1.24504201031487,0.817688280256536,1.67239574037321
raw_scale,english,german,english_trained,learning_curve_auc,nats_times_log_update_per_unit_similarity,12,5.30126851105146,4.8345111112999,5.76802591080303
target_piece_count_adjusted,spanish,spanish,initial,step_zero,standardized_slope_difference,12,0.377228309866337,0.365615257981341,0.388841361751333
target_piece_count_adjusted,spanish,spanish,english_trained,step_zero,standardized_slope_difference,12,0.346340314952083,0.324974570959233,0.367706058944933
target_piece_count_adjusted,spanish,german,initial,step_zero,standardized_slope_difference,12,0.0239757580537836,0.0095499532828642,0.0384015628247029
target_piece_count_adjusted,spanish,german,english_trained,step_zero,standardized_slope_difference,12,0.0296404787579932,0.0142769997161026,0.0450039577998839
target_piece_count_adjusted,spanish,spanish,initial,learning_curve_auc,standardized_slope_difference,12,0.365956125409443,0.356137138502474,0.375775112316413
target_piece_count_adjusted,spanish,spanish,english_trained,learning_curve_auc,standardized_slope_difference,12,0.31794249688006,0.301256115411134,0.334628878348986
target_piece_count_adjusted,spanish,german,initial,learning_curve_auc,standardized_slope_difference,12,0.0470971241605375,0.0344233815544169,0.0597708667666582
target_piece_count_adjusted,spanish,german,english_trained,learning_curve_auc,standardized_slope_difference,12,0.0591739401971206,0.0490593593905541,0.0692885210036872
target_piece_count_adjusted,german,spanish,initial,step_zero,standardized_slope_difference,12,0.0652259129228082,0.0286997048635661,0.10175212098205
target_piece_count_adjusted,german,spanish,english_trained,step_zero,standardized_slope_difference,12,0.0524240020450882,0.0064699971660948,0.0983780069240816
target_piece_count_adjusted,german,german,initial,step_zero,standardized_slope_difference,12,0.287698756150229,0.280194671575089,0.29520284072537
target_piece_count_adjusted,german,german,english_trained,step_zero,standardized_slope_difference,12,0.274842152973888,0.261681447839788,0.288002858107988
target_piece_count_adjusted,german,spanish,initial,learning_curve_auc,standardized_slope_difference,12,0.0923623927577849,0.0707772326829106,0.113947552832659
target_piece_count_adjusted,german,spanish,english_trained,learning_curve_auc,standardized_slope_difference,12,0.0700568834789058,0.0427963255825794,0.0973174413752322
target_piece_count_adjusted,german,german,initial,learning_curve_auc,standardized_slope_difference,12,0.283135010462566,0.273961027113231,0.292308993811901
target_piece_count_adjusted,german,german,english_trained,learning_curve_auc,standardized_slope_difference,12,0.273225583862971,0.261114335607691,0.28533683211825
target_piece_count_adjusted,english,spanish,initial,step_zero,standardized_slope_difference,12,0.019232708565106,-0.0232653418704682,0.0617307590006803
target_piece_count_adjusted,english,spanish,english_trained,step_zero,standardized_slope_difference,12,0.0067496818958974,-0.0357540748385463,0.0492534386303412
target_piece_count_adjusted,english,german,initial,step_zero,standardized_slope_difference,12,-0.0061390048681916,-0.0301859280152962,0.0179079182789129
target_piece_count_adjusted,english,german,english_trained,step_zero,standardized_slope_difference,12,0.161560241087758,0.135058145789031,0.188062336386486
target_piece_count_adjusted,english,spanish,initial,learning_curve_auc,standardized_slope_difference,12,0.081894181801535,0.0555478630494004,0.10824050055367
target_piece_count_adjusted,english,spanish,english_trained,learning_curve_auc,standardized_slope_difference,12,-0.023160746094227,-0.0538547890147823,0.0075332968263283
target_piece_count_adjusted,english,german,initial,learning_curve_auc,standardized_slope_difference,12,0.043423501321913,0.0259702071920051,0.060876795451821
target_piece_count_adjusted,english,german,english_trained,learning_curve_auc,standardized_slope_difference,12,0.151273112317996,0.126342094275329,0.176204130360663
