language,english_updates,estimand,seed,estimate
spanish,0,co_trained_rows,90,0.301271777761701
spanish,0,co_trained_rows,91,0.300690387641147
spanish,0,co_trained_rows,92,0.304519972663338
spanish,0,co_trained_rows,93,0.321487385699841
spanish,0,co_trained_rows,94,0.306189669779173
spanish,0,co_trained_rows,95,0.310955835242322
spanish,0,co_trained_rows,96,0.309197410212351
spanish,0,co_trained_rows,97,0.314954079287
spanish,0,co_trained_rows,98,0.333310768968433
spanish,0,co_trained_rows,99,0.329769585936698
spanish,0,co_trained_rows,100,0.3249722877325
spanish,0,co_trained_rows,101,0.303920881562422
spanish,0,other_run_same_language_donor,90,0.249255140324651
spanish,0,other_run_same_language_donor,91,0.279784062107001
spanish,0,other_run_same_language_donor,92,0.279657288508784
spanish,0,other_run_same_language_donor,93,0.304957866334141
spanish,0,other_run_same_language_donor,94,0.265797310998624
spanish,0,other_run_same_language_donor,95,0.292247613689463
spanish,0,other_run_same_language_donor,96,0.289704923109269
spanish,0,other_run_same_language_donor,97,0.285660441779681
spanish,0,other_run_same_language_donor,98,0.306689227813264
spanish,0,other_run_same_language_donor,99,0.310044944531433
spanish,0,other_run_same_language_donor,100,0.307819512848022
spanish,0,other_run_same_language_donor,101,0.277190785670226
spanish,0,other_language_donor,90,-0.0043265112856809
spanish,0,other_language_donor,91,0.0027890415424776
spanish,0,other_language_donor,92,0.0133939965615905
spanish,0,other_language_donor,93,0.0222628920707733
spanish,0,other_language_donor,94,0.0088954548836443
spanish,0,other_language_donor,95,0.011085184077579
spanish,0,other_language_donor,96,0.0193778954233495
spanish,0,other_language_donor,97,0.0187634407343729
spanish,0,other_language_donor,98,0.0365901293347788
spanish,0,other_language_donor,99,0.0213826406062225
spanish,0,other_language_donor,100,-0.0162476066527303
spanish,0,other_language_donor,101,0.008065930363912
spanish,50,co_trained_rows,90,0.224277712412147
spanish,50,co_trained_rows,91,0.232221601440097
spanish,50,co_trained_rows,92,0.222398222298079
spanish,50,co_trained_rows,93,0.226779162349605
spanish,50,co_trained_rows,94,0.212616265295181
spanish,50,co_trained_rows,95,0.229697541894488
spanish,50,co_trained_rows,96,0.220310039613903
spanish,50,co_trained_rows,97,0.241955068073471
spanish,50,co_trained_rows,98,0.219768261571632
spanish,50,co_trained_rows,99,0.247173898689834
spanish,50,co_trained_rows,100,0.24057078936711
spanish,50,co_trained_rows,101,0.250808650842116
spanish,50,other_run_same_language_donor,90,0.202548186849439
spanish,50,other_run_same_language_donor,91,0.214213129870798
spanish,50,other_run_same_language_donor,92,0.199638696334557
spanish,50,other_run_same_language_donor,93,0.219021852484007
spanish,50,other_run_same_language_donor,94,0.196501351606065
spanish,50,other_run_same_language_donor,95,0.212324512856677
spanish,50,other_run_same_language_donor,96,0.214114326405607
spanish,50,other_run_same_language_donor,97,0.218702154552788
spanish,50,other_run_same_language_donor,98,0.205858283655711
spanish,50,other_run_same_language_donor,99,0.230525592057509
spanish,50,other_run_same_language_donor,100,0.214861613525501
spanish,50,other_run_same_language_donor,101,0.220394383273887
spanish,50,other_language_donor,90,0.0182912363375598
spanish,50,other_language_donor,91,0.0231701268418955
spanish,50,other_language_donor,92,0.0327387179361652
spanish,50,other_language_donor,93,0.0232182502182696
spanish,50,other_language_donor,94,0.0264085655370379
spanish,50,other_language_donor,95,0.0245880090566035
spanish,50,other_language_donor,96,0.0284773957874096
spanish,50,other_language_donor,97,0.0595451596527256
spanish,50,other_language_donor,98,0.0373697367097143
spanish,50,other_language_donor,99,0.0453928727773657
spanish,50,other_language_donor,100,0.0223547662700346
spanish,50,other_language_donor,101,0.029813143551614
spanish,100,co_trained_rows,90,0.235147822368103
spanish,100,co_trained_rows,91,0.236510846373035
spanish,100,co_trained_rows,92,0.229789314160632
spanish,100,co_trained_rows,93,0.245163507963766
spanish,100,co_trained_rows,94,0.234649174143414
spanish,100,co_trained_rows,95,0.247838989183233
spanish,100,co_trained_rows,96,0.235978163386453
spanish,100,co_trained_rows,97,0.243818179039798
spanish,100,co_trained_rows,98,0.248514852650285
spanish,100,co_trained_rows,99,0.234745886891556
spanish,100,co_trained_rows,100,0.2444342629164
spanish,100,co_trained_rows,101,0.247053623846972
spanish,100,other_run_same_language_donor,90,0.220335924744867
spanish,100,other_run_same_language_donor,91,0.209663433082179
spanish,100,other_run_same_language_donor,92,0.192790811556058
spanish,100,other_run_same_language_donor,93,0.215014814241252
spanish,100,other_run_same_language_donor,94,0.226434313153648
spanish,100,other_run_same_language_donor,95,0.226914380010405
spanish,100,other_run_same_language_donor,96,0.223642942640319
spanish,100,other_run_same_language_donor,97,0.2178844593044
spanish,100,other_run_same_language_donor,98,0.230365268341065
spanish,100,other_run_same_language_donor,99,0.207678816019135
spanish,100,other_run_same_language_donor,100,0.234513445963499
spanish,100,other_run_same_language_donor,101,0.231328364432393
spanish,100,other_language_donor,90,0.0617241323463681
spanish,100,other_language_donor,91,0.0508804352145652
spanish,100,other_language_donor,92,0.0245304544105637
spanish,100,other_language_donor,93,0.0512316553366055
spanish,100,other_language_donor,94,0.05079981765001
spanish,100,other_language_donor,95,0.0559817556535026
spanish,100,other_language_donor,96,0.061156248434092
spanish,100,other_language_donor,97,0.0419332151157692
spanish,100,other_language_donor,98,0.0640418931743288
spanish,100,other_language_donor,99,0.0373268700588555
spanish,100,other_language_donor,100,0.0300589626356136
spanish,100,other_language_donor,101,0.0622030938080578
spanish,200,co_trained_rows,90,0.194324349603852
spanish,200,co_trained_rows,91,0.222738612130402
spanish,200,co_trained_rows,92,0.207666145408854
spanish,200,co_trained_rows,93,0.226284344932768
spanish,200,co_trained_rows,94,0.242260599534636
spanish,200,co_trained_rows,95,0.208048047292477
spanish,200,co_trained_rows,96,0.252657279094703
spanish,200,co_trained_rows,97,0.241164798177624
spanish,200,co_trained_rows,98,0.204790160957105
spanish,200,co_trained_rows,99,0.228976206710618
spanish,200,co_trained_rows,100,0.190811016849271
spanish,200,co_trained_rows,101,0.224276553168793
spanish,200,other_run_same_language_donor,90,0.201399483142103
spanish,200,other_run_same_language_donor,91,0.214081792688951
spanish,200,other_run_same_language_donor,92,0.204626381579789
spanish,200,other_run_same_language_donor,93,0.208456479071872
spanish,200,other_run_same_language_donor,94,0.213376521058845
spanish,200,other_run_same_language_donor,95,0.193194214416023
spanish,200,other_run_same_language_donor,96,0.24080062714079
spanish,200,other_run_same_language_donor,97,0.219609197371348
spanish,200,other_run_same_language_donor,98,0.218951139486995
spanish,200,other_run_same_language_donor,99,0.203847155625222
spanish,200,other_run_same_language_donor,100,0.184677478287652
spanish,200,other_run_same_language_donor,101,0.236700925180095
spanish,200,other_language_donor,90,0.0685082329070048
spanish,200,other_language_donor,91,0.0933125868175879
spanish,200,other_language_donor,92,0.0711944029532949
spanish,200,other_language_donor,93,0.078165886667397
spanish,200,other_language_donor,94,0.0687180881598288
spanish,200,other_language_donor,95,0.0569297650824985
spanish,200,other_language_donor,96,0.0742412729722236
spanish,200,other_language_donor,97,0.0804450718290433
spanish,200,other_language_donor,98,0.0808297029514082
spanish,200,other_language_donor,99,0.0895319076373722
spanish,200,other_language_donor,100,0.0598798887162223
spanish,200,other_language_donor,101,0.0755403457598257
spanish,400,co_trained_rows,90,0.206677958611006
spanish,400,co_trained_rows,91,0.169945307960689
spanish,400,co_trained_rows,92,0.164204038930451
spanish,400,co_trained_rows,93,0.119587748089287
spanish,400,co_trained_rows,94,0.144554503642778
spanish,400,co_trained_rows,95,0.171809180052587
spanish,400,co_trained_rows,96,0.146375388651072
spanish,400,co_trained_rows,97,0.14419488627608
spanish,400,co_trained_rows,98,0.150673907301095
spanish,400,co_trained_rows,99,0.181585192713201
spanish,400,co_trained_rows,100,0.141374832969905
spanish,400,co_trained_rows,101,0.150075157508711
spanish,400,other_run_same_language_donor,90,0.20415251706868
spanish,400,other_run_same_language_donor,91,0.141000569035122
spanish,400,other_run_same_language_donor,92,0.145798430927183
spanish,400,other_run_same_language_donor,93,0.113041169193818
spanish,400,other_run_same_language_donor,94,0.124133012872634
spanish,400,other_run_same_language_donor,95,0.160715678955824
spanish,400,other_run_same_language_donor,96,0.13481465062614
spanish,400,other_run_same_language_donor,97,0.145600197452749
spanish,400,other_run_same_language_donor,98,0.152315580607188
spanish,400,other_run_same_language_donor,99,0.16785820755999
spanish,400,other_run_same_language_donor,100,0.141347739658129
spanish,400,other_run_same_language_donor,101,0.138081818224018
spanish,400,other_language_donor,90,0.0811631327362862
spanish,400,other_language_donor,91,0.0807996064674203
spanish,400,other_language_donor,92,0.0388627137883576
spanish,400,other_language_donor,93,0.0340300572942005
spanish,400,other_language_donor,94,0.0466822264829781
spanish,400,other_language_donor,95,0.0498677751699007
spanish,400,other_language_donor,96,0.0805389663391828
spanish,400,other_language_donor,97,0.0135846985252675
spanish,400,other_language_donor,98,0.0977395884436546
spanish,400,other_language_donor,99,0.0645650431240778
spanish,400,other_language_donor,100,0.0741212221260636
spanish,400,other_language_donor,101,0.0584715367264668
spanish,800,co_trained_rows,90,0.0860041105244672
spanish,800,co_trained_rows,91,0.10204902563956
spanish,800,co_trained_rows,92,0.113391964729137
spanish,800,co_trained_rows,93,0.0886741977156391
spanish,800,co_trained_rows,94,0.094479516032745
spanish,800,co_trained_rows,95,0.112987213264255
spanish,800,co_trained_rows,96,0.101241375106859
spanish,800,co_trained_rows,97,0.0900019561266739
spanish,800,co_trained_rows,98,0.103417546426321
spanish,800,co_trained_rows,99,0.0878377839915013
spanish,800,co_trained_rows,100,0.101980117390883
spanish,800,co_trained_rows,101,0.103195190083523
spanish,800,other_run_same_language_donor,90,0.0724037791931115
spanish,800,other_run_same_language_donor,91,0.0843170442740115
spanish,800,other_run_same_language_donor,92,0.101696058731698
spanish,800,other_run_same_language_donor,93,0.0720118219431576
spanish,800,other_run_same_language_donor,94,0.074647792839025
spanish,800,other_run_same_language_donor,95,0.103147850805704
spanish,800,other_run_same_language_donor,96,0.0802219691048921
spanish,800,other_run_same_language_donor,97,0.0871437508669541
spanish,800,other_run_same_language_donor,98,0.107954382228544
spanish,800,other_run_same_language_donor,99,0.0935299162606656
spanish,800,other_run_same_language_donor,100,0.0745662488342472
spanish,800,other_run_same_language_donor,101,0.102098848685206
spanish,800,other_language_donor,90,0.0172733963598121
spanish,800,other_language_donor,91,0.0246263676344797
spanish,800,other_language_donor,92,0.0399902664504055
spanish,800,other_language_donor,93,0.0249575826734769
spanish,800,other_language_donor,94,0.0019085291627936
spanish,800,other_language_donor,95,0.0260269002591841
spanish,800,other_language_donor,96,0.0364739644481206
spanish,800,other_language_donor,97,0.0249039264856159
spanish,800,other_language_donor,98,0.0315199226031094
spanish,800,other_language_donor,99,0.0268932634007091
spanish,800,other_language_donor,100,0.0300234066621852
spanish,800,other_language_donor,101,0.0474739194870641
spanish,1500,co_trained_rows,90,0.0592066987622831
spanish,1500,co_trained_rows,91,0.0559738180083187
spanish,1500,co_trained_rows,92,0.0721672222799623
spanish,1500,co_trained_rows,93,0.0483231727013884
spanish,1500,co_trained_rows,94,0.0600584720559065
spanish,1500,co_trained_rows,95,0.060686771718292
spanish,1500,co_trained_rows,96,0.0717324098004089
spanish,1500,co_trained_rows,97,0.0640153587209949
spanish,1500,co_trained_rows,98,0.0224819793248486
spanish,1500,co_trained_rows,99,0.0820629382292508
spanish,1500,co_trained_rows,100,0.049347651724969
spanish,1500,co_trained_rows,101,0.0610314044408461
spanish,1500,other_run_same_language_donor,90,0.046842185088413
spanish,1500,other_run_same_language_donor,91,0.042721569288526
spanish,1500,other_run_same_language_donor,92,0.0640167148662078
spanish,1500,other_run_same_language_donor,93,0.0622611178212741
spanish,1500,other_run_same_language_donor,94,0.0554599726961952
spanish,1500,other_run_same_language_donor,95,0.0570643329776504
spanish,1500,other_run_same_language_donor,96,0.0722866741857663
spanish,1500,other_run_same_language_donor,97,0.0432515629119112
spanish,1500,other_run_same_language_donor,98,0.0237607934055194
spanish,1500,other_run_same_language_donor,99,0.081737187513358
spanish,1500,other_run_same_language_donor,100,0.0580219508524931
spanish,1500,other_run_same_language_donor,101,0.0705628809309683
spanish,1500,other_language_donor,90,0.027133998629121
spanish,1500,other_language_donor,91,0.0114532104879161
spanish,1500,other_language_donor,92,0.0194326526201283
spanish,1500,other_language_donor,93,0.0175452555000302
spanish,1500,other_language_donor,94,0.0148155076552322
spanish,1500,other_language_donor,95,0.0255914004362398
spanish,1500,other_language_donor,96,0.04369347825189
spanish,1500,other_language_donor,97,-0.0101863852746569
spanish,1500,other_language_donor,98,0.0032377887001464
spanish,1500,other_language_donor,99,0.0476791795659272
spanish,1500,other_language_donor,100,0.0101381930449155
spanish,1500,other_language_donor,101,0.0161221320428611
spanish,3000,co_trained_rows,90,0.0156644140914894
spanish,3000,co_trained_rows,91,0.0535036525995674
spanish,3000,co_trained_rows,92,0.0368323621327674
spanish,3000,co_trained_rows,93,0.0369598153279077
spanish,3000,co_trained_rows,94,0.0438275788375716
spanish,3000,co_trained_rows,95,0.0163505021169726
spanish,3000,co_trained_rows,96,0.0488494610201695
spanish,3000,co_trained_rows,97,0.0323002697176376
spanish,3000,co_trained_rows,98,0.0377941089615597
spanish,3000,co_trained_rows,99,0.0521540852027652
spanish,3000,co_trained_rows,100,0.0293520160989131
spanish,3000,co_trained_rows,101,0.043293698940925
spanish,3000,other_run_same_language_donor,90,0.0227965409161844
spanish,3000,other_run_same_language_donor,91,0.0458690791656011
spanish,3000,other_run_same_language_donor,92,0.0447514719973593
spanish,3000,other_run_same_language_donor,93,0.041282999760791
spanish,3000,other_run_same_language_donor,94,0.0512562483464632
spanish,3000,other_run_same_language_donor,95,0.0124589236508416
spanish,3000,other_run_same_language_donor,96,0.0476501763029346
spanish,3000,other_run_same_language_donor,97,0.0323771420939934
spanish,3000,other_run_same_language_donor,98,0.0197862739095059
spanish,3000,other_run_same_language_donor,99,0.0633748572079043
spanish,3000,other_run_same_language_donor,100,0.0339085727729235
spanish,3000,other_run_same_language_donor,101,0.0472813615211064
spanish,3000,other_language_donor,90,0.0023397776614452
spanish,3000,other_language_donor,91,0.0303815630652099
spanish,3000,other_language_donor,92,0.0245800839101305
spanish,3000,other_language_donor,93,0.0141486345683465
spanish,3000,other_language_donor,94,0.0120066325032864
spanish,3000,other_language_donor,95,0.0034001610129822
spanish,3000,other_language_donor,96,0.0367393719248374
spanish,3000,other_language_donor,97,-0.0165641034547491
spanish,3000,other_language_donor,98,-0.0097862338288064
spanish,3000,other_language_donor,99,0.032086781825018
spanish,3000,other_language_donor,100,-0.0036992690695055
spanish,3000,other_language_donor,101,0.0327399661301209
spanish,6000,co_trained_rows,90,0.0054231726120052
spanish,6000,co_trained_rows,91,0.0265199831826865
spanish,6000,co_trained_rows,92,0.0192946899827785
spanish,6000,co_trained_rows,93,0.0286832102890165
spanish,6000,co_trained_rows,94,0.0184241938192338
spanish,6000,co_trained_rows,95,0.0386823480034315
spanish,6000,co_trained_rows,96,0.0360730213542679
spanish,6000,co_trained_rows,97,0.028092481205931
spanish,6000,co_trained_rows,98,0.0381782254613457
spanish,6000,co_trained_rows,99,0.0271417053320264
spanish,6000,co_trained_rows,100,0.0136039520177144
spanish,6000,co_trained_rows,101,0.0113379562338073
spanish,6000,other_run_same_language_donor,90,0.0016096676757133
spanish,6000,other_run_same_language_donor,91,0.0216948538115037
spanish,6000,other_run_same_language_donor,92,0.0233608551197961
spanish,6000,other_run_same_language_donor,93,0.0310310642360531
spanish,6000,other_run_same_language_donor,94,0.0123180862365599
spanish,6000,other_run_same_language_donor,95,0.0367975576027868
spanish,6000,other_run_same_language_donor,96,0.0250609759181633
spanish,6000,other_run_same_language_donor,97,0.0235020215977173
spanish,6000,other_run_same_language_donor,98,0.0328835112411684
spanish,6000,other_run_same_language_donor,99,0.03272733019843
spanish,6000,other_run_same_language_donor,100,0.0226022716007461
spanish,6000,other_run_same_language_donor,101,0.0155706755493886
spanish,6000,other_language_donor,90,-0.0084289192252239
spanish,6000,other_language_donor,91,0.0023622786920869
spanish,6000,other_language_donor,92,0.0110699078723761
spanish,6000,other_language_donor,93,0.00893863713738
spanish,6000,other_language_donor,94,-0.0026306064351164
spanish,6000,other_language_donor,95,-0.0047021807920374
spanish,6000,other_language_donor,96,0.0212550170656542
spanish,6000,other_language_donor,97,-0.0065716409441324
spanish,6000,other_language_donor,98,0.0066639859823533
spanish,6000,other_language_donor,99,0.0111576107101117
spanish,6000,other_language_donor,100,0.0061007916818538
spanish,6000,other_language_donor,101,0.0054643174583148
spanish,6100,co_trained_rows,90,0.0133670223678754
spanish,6100,co_trained_rows,91,0.0287794216834901
spanish,6100,co_trained_rows,92,0.0174401572874425
spanish,6100,co_trained_rows,93,0.0251288057931164
spanish,6100,co_trained_rows,94,0.033382745128134
spanish,6100,co_trained_rows,95,0.0385802795259483
spanish,6100,co_trained_rows,96,0.0317447259290078
spanish,6100,co_trained_rows,97,0.0321036956181049
spanish,6100,co_trained_rows,98,0.0444579909244164
spanish,6100,co_trained_rows,99,0.0396749430902745
spanish,6100,co_trained_rows,100,0.0099162620816917
spanish,6100,co_trained_rows,101,0.012950739129412
spanish,6100,other_run_same_language_donor,90,0.0110714800757477
spanish,6100,other_run_same_language_donor,91,0.0192085602725316
spanish,6100,other_run_same_language_donor,92,0.0203923811118351
spanish,6100,other_run_same_language_donor,93,0.031447441708221
spanish,6100,other_run_same_language_donor,94,0.0304401722743306
spanish,6100,other_run_same_language_donor,95,0.0334574815306968
spanish,6100,other_run_same_language_donor,96,0.0291835853096308
spanish,6100,other_run_same_language_donor,97,0.0279034989004647
spanish,6100,other_run_same_language_donor,98,0.0391531379536056
spanish,6100,other_run_same_language_donor,99,0.0432127967447727
spanish,6100,other_run_same_language_donor,100,0.0163869058975514
spanish,6100,other_run_same_language_donor,101,0.0135922348623328
spanish,6100,other_language_donor,90,-0.00967079461159
spanish,6100,other_language_donor,91,0.0132278084807194
spanish,6100,other_language_donor,92,0.0113470514783548
spanish,6100,other_language_donor,93,0.007574506536213
spanish,6100,other_language_donor,94,0.0080671231058914
spanish,6100,other_language_donor,95,-0.0038247928578333
spanish,6100,other_language_donor,96,0.0210106226793422
spanish,6100,other_language_donor,97,0.0046308797073881
spanish,6100,other_language_donor,98,0.0113077808880012
spanish,6100,other_language_donor,99,0.0132317426507307
spanish,6100,other_language_donor,100,-0.0005951023783496
spanish,6100,other_language_donor,101,0.0108615530518894
german,0,co_trained_rows,90,0.283437372587362
german,0,co_trained_rows,91,0.252974160604087
german,0,co_trained_rows,92,0.246388533624864
german,0,co_trained_rows,93,0.276930775278084
german,0,co_trained_rows,94,0.268317578472304
german,0,co_trained_rows,95,0.257094661224242
german,0,co_trained_rows,96,0.265645415946577
german,0,co_trained_rows,97,0.272570914854541
german,0,co_trained_rows,98,0.257983377077243
german,0,co_trained_rows,99,0.251787835601569
german,0,co_trained_rows,100,0.242940463938876
german,0,co_trained_rows,101,0.272316915974357
german,0,other_run_same_language_donor,90,0.251548168468028
german,0,other_run_same_language_donor,91,0.230699840689514
german,0,other_run_same_language_donor,92,0.219850388991691
german,0,other_run_same_language_donor,93,0.265514646013319
german,0,other_run_same_language_donor,94,0.244013005778272
german,0,other_run_same_language_donor,95,0.238812193984688
german,0,other_run_same_language_donor,96,0.231511882263979
german,0,other_run_same_language_donor,97,0.245876274972581
german,0,other_run_same_language_donor,98,0.219721749833115
german,0,other_run_same_language_donor,99,0.23681449886835
german,0,other_run_same_language_donor,100,0.226095401227182
german,0,other_run_same_language_donor,101,0.247526840640887
german,0,other_language_donor,90,0.0515931536051508
german,0,other_language_donor,91,0.0351565253460301
german,0,other_language_donor,92,0.037439164513322
german,0,other_language_donor,93,0.0282846149573304
german,0,other_language_donor,94,0.0613317485433712
german,0,other_language_donor,95,0.0376500672936228
german,0,other_language_donor,96,0.035260745339473
german,0,other_language_donor,97,0.0096088460975464
german,0,other_language_donor,98,0.01878041294808
german,0,other_language_donor,99,0.0332077756169973
german,0,other_language_donor,100,0.0574162807316095
german,0,other_language_donor,101,0.0638517852716889
german,50,co_trained_rows,90,0.183494440530283
german,50,co_trained_rows,91,0.168672014686193
german,50,co_trained_rows,92,0.169719944112753
german,50,co_trained_rows,93,0.183764901459097
german,50,co_trained_rows,94,0.194000517064099
german,50,co_trained_rows,95,0.159167004924831
german,50,co_trained_rows,96,0.187587678303797
german,50,co_trained_rows,97,0.198253111499743
german,50,co_trained_rows,98,0.176811547453868
german,50,co_trained_rows,99,0.171145203112506
german,50,co_trained_rows,100,0.145919287013326
german,50,co_trained_rows,101,0.20076056299855
german,50,other_run_same_language_donor,90,0.164767617639742
german,50,other_run_same_language_donor,91,0.157361334625487
german,50,other_run_same_language_donor,92,0.147751749412087
german,50,other_run_same_language_donor,93,0.174981625727921
german,50,other_run_same_language_donor,94,0.168181363356999
german,50,other_run_same_language_donor,95,0.141678662975769
german,50,other_run_same_language_donor,96,0.167874903608913
german,50,other_run_same_language_donor,97,0.176516511442768
german,50,other_run_same_language_donor,98,0.158134223576551
german,50,other_run_same_language_donor,99,0.152586600559897
german,50,other_run_same_language_donor,100,0.133284237421767
german,50,other_run_same_language_donor,101,0.17919785556663
german,50,other_language_donor,90,0.0170430752007839
german,50,other_language_donor,91,0.0075594953988349
german,50,other_language_donor,92,0.0128092989453659
german,50,other_language_donor,93,-0.005084233122919
german,50,other_language_donor,94,0.0217248302906737
german,50,other_language_donor,95,0.0015772254262404
german,50,other_language_donor,96,0.0222589124225071
german,50,other_language_donor,97,0.0413130436926595
german,50,other_language_donor,98,0.019814207308369
german,50,other_language_donor,99,0.0125168205571758
german,50,other_language_donor,100,0.0227843647641741
german,50,other_language_donor,101,0.0259012068487794
german,100,co_trained_rows,90,0.150364407760848
german,100,co_trained_rows,91,0.144108616358089
german,100,co_trained_rows,92,0.135936452248686
german,100,co_trained_rows,93,0.174816112208567
german,100,co_trained_rows,94,0.161302731468204
german,100,co_trained_rows,95,0.144639183720382
german,100,co_trained_rows,96,0.161444264097487
german,100,co_trained_rows,97,0.169051930868979
german,100,co_trained_rows,98,0.15595007241383
german,100,co_trained_rows,99,0.154619360002817
german,100,co_trained_rows,100,0.137354596380372
german,100,co_trained_rows,101,0.177038401762121
german,100,other_run_same_language_donor,90,0.137210247624508
german,100,other_run_same_language_donor,91,0.125952106966009
german,100,other_run_same_language_donor,92,0.114599925357885
german,100,other_run_same_language_donor,93,0.161413663309886
german,100,other_run_same_language_donor,94,0.140868798782159
german,100,other_run_same_language_donor,95,0.126497831483371
german,100,other_run_same_language_donor,96,0.151150078933114
german,100,other_run_same_language_donor,97,0.151311842089719
german,100,other_run_same_language_donor,98,0.134588103831345
german,100,other_run_same_language_donor,99,0.142324312975116
german,100,other_run_same_language_donor,100,0.133656736629326
german,100,other_run_same_language_donor,101,0.14661122735458
german,100,other_language_donor,90,-0.0130450339262484
german,100,other_language_donor,91,0.0101561157821911
german,100,other_language_donor,92,-0.0117486740751178
german,100,other_language_donor,93,-0.0042233170350058
german,100,other_language_donor,94,0.0151131671112347
german,100,other_language_donor,95,-0.005592975753573
german,100,other_language_donor,96,0.0120477448288535
german,100,other_language_donor,97,0.0037771608374794
german,100,other_language_donor,98,0.0123909557795414
german,100,other_language_donor,99,0.0078896541169185
german,100,other_language_donor,100,0.0032290796042364
german,100,other_language_donor,101,-0.0002834070540897
german,200,co_trained_rows,90,0.12155524940728
german,200,co_trained_rows,91,0.109675780259421
german,200,co_trained_rows,92,0.102117418115001
german,200,co_trained_rows,93,0.132093825446717
german,200,co_trained_rows,94,0.120180824379546
german,200,co_trained_rows,95,0.0837596974564818
german,200,co_trained_rows,96,0.124944131073357
german,200,co_trained_rows,97,0.121356495438876
german,200,co_trained_rows,98,0.112571053648212
german,200,co_trained_rows,99,0.0976101194802842
german,200,co_trained_rows,100,0.129846969547637
german,200,co_trained_rows,101,0.111222231646007
german,200,other_run_same_language_donor,90,0.110700833901003
german,200,other_run_same_language_donor,91,0.104323726912479
german,200,other_run_same_language_donor,92,0.0847059761031019
german,200,other_run_same_language_donor,93,0.12530848407673
german,200,other_run_same_language_donor,94,0.120218315043839
german,200,other_run_same_language_donor,95,0.080663872021408
german,200,other_run_same_language_donor,96,0.106991715099333
german,200,other_run_same_language_donor,97,0.114158186239764
german,200,other_run_same_language_donor,98,0.096945666256046
german,200,other_run_same_language_donor,99,0.0987108476069853
german,200,other_run_same_language_donor,100,0.116358474790347
german,200,other_run_same_language_donor,101,0.102378588429069
german,200,other_language_donor,90,-0.0096617445087944
german,200,other_language_donor,91,-0.0058688668306367
german,200,other_language_donor,92,-0.0011494649155387
german,200,other_language_donor,93,0.0065346693733816
german,200,other_language_donor,94,-0.003653171958183
german,200,other_language_donor,95,-0.0234171351166816
german,200,other_language_donor,96,-0.0060883750127527
german,200,other_language_donor,97,0.0058472890858196
german,200,other_language_donor,98,0.0070541555661841
german,200,other_language_donor,99,0.0001447194152453
german,200,other_language_donor,100,0.0013348118618903
german,200,other_language_donor,101,-0.0128059141461405
german,400,co_trained_rows,90,0.104951381767291
german,400,co_trained_rows,91,0.0721031788967965
german,400,co_trained_rows,92,0.0999605544628482
german,400,co_trained_rows,93,0.0959845327314844
german,400,co_trained_rows,94,0.0688500404370605
german,400,co_trained_rows,95,0.103212419988972
german,400,co_trained_rows,96,0.0745308305311668
german,400,co_trained_rows,97,0.0873974732376605
german,400,co_trained_rows,98,0.0803495041269684
german,400,co_trained_rows,99,0.109962755267171
german,400,co_trained_rows,100,0.0783092657656035
german,400,co_trained_rows,101,0.0972777170805989
german,400,other_run_same_language_donor,90,0.089119305772661
german,400,other_run_same_language_donor,91,0.0873372339073966
german,400,other_run_same_language_donor,92,0.0967581715404069
german,400,other_run_same_language_donor,93,0.0750906221224919
german,400,other_run_same_language_donor,94,0.0704774953182761
german,400,other_run_same_language_donor,95,0.0929141191827042
german,400,other_run_same_language_donor,96,0.0857800514056843
german,400,other_run_same_language_donor,97,0.0946302448466965
german,400,other_run_same_language_donor,98,0.0822195573800087
german,400,other_run_same_language_donor,99,0.0908476436814817
german,400,other_run_same_language_donor,100,0.0771553996482108
german,400,other_run_same_language_donor,101,0.0946984045400331
german,400,other_language_donor,90,0.0103441482025054
german,400,other_language_donor,91,-0.0033037048609013
german,400,other_language_donor,92,0.0288719987655851
german,400,other_language_donor,93,0.0182589901716792
german,400,other_language_donor,94,0.009173440167935
german,400,other_language_donor,95,-0.0027601096525148
german,400,other_language_donor,96,-0.0022202925675736
german,400,other_language_donor,97,0.0164128543906154
german,400,other_language_donor,98,0.0156873444504864
german,400,other_language_donor,99,0.0158892217340395
german,400,other_language_donor,100,-0.0064975981071887
german,400,other_language_donor,101,0.0206458683285549
german,800,co_trained_rows,90,0.0824724703844097
german,800,co_trained_rows,91,0.0738480924521486
german,800,co_trained_rows,92,0.0427361014929074
german,800,co_trained_rows,93,0.0463556855975751
german,800,co_trained_rows,94,0.053721746489678
german,800,co_trained_rows,95,0.108957868330278
german,800,co_trained_rows,96,0.0589191174884105
german,800,co_trained_rows,97,0.0686357648450147
german,800,co_trained_rows,98,0.0792067527612976
german,800,co_trained_rows,99,0.0695230801344374
german,800,co_trained_rows,100,0.0620536745564024
german,800,co_trained_rows,101,0.0619982209448265
german,800,other_run_same_language_donor,90,0.0703328048562139
german,800,other_run_same_language_donor,91,0.0736206833365706
german,800,other_run_same_language_donor,92,0.0482090669411696
german,800,other_run_same_language_donor,93,0.0376096496067419
german,800,other_run_same_language_donor,94,0.0517911968732786
german,800,other_run_same_language_donor,95,0.0868188108579812
german,800,other_run_same_language_donor,96,0.0547374192159029
german,800,other_run_same_language_donor,97,0.0662349369264916
german,800,other_run_same_language_donor,98,0.0655476353927346
german,800,other_run_same_language_donor,99,0.0617496135133015
german,800,other_run_same_language_donor,100,0.0520963596501868
german,800,other_run_same_language_donor,101,0.0559580072466986
german,800,other_language_donor,90,0.0276001431488498
german,800,other_language_donor,91,0.0144202932807917
german,800,other_language_donor,92,0.0084987251414564
german,800,other_language_donor,93,0.0020795185646163
german,800,other_language_donor,94,0.014437540862974
german,800,other_language_donor,95,0.0226782953729629
german,800,other_language_donor,96,0.0083512800960251
german,800,other_language_donor,97,0.0185091117727654
german,800,other_language_donor,98,0.002272009097979
german,800,other_language_donor,99,0.0041476606423098
german,800,other_language_donor,100,0.0018508918700622
german,800,other_language_donor,101,-0.0029929389056183
german,1500,co_trained_rows,90,0.054764823688869
german,1500,co_trained_rows,91,0.0315566549527035
german,1500,co_trained_rows,92,0.0565165950065956
german,1500,co_trained_rows,93,0.034256076158745
german,1500,co_trained_rows,94,0.0469597688009528
german,1500,co_trained_rows,95,0.0471512147882792
german,1500,co_trained_rows,96,0.0460502459804602
german,1500,co_trained_rows,97,0.018878883961773
german,1500,co_trained_rows,98,0.0459728105874379
german,1500,co_trained_rows,99,0.0528972775793052
german,1500,co_trained_rows,100,0.0404018097826474
german,1500,co_trained_rows,101,0.0232307295098379
german,1500,other_run_same_language_donor,90,0.0504074558008209
german,1500,other_run_same_language_donor,91,0.0332410080243204
german,1500,other_run_same_language_donor,92,0.0487441635108318
german,1500,other_run_same_language_donor,93,0.0340278946404772
german,1500,other_run_same_language_donor,94,0.0475731694705505
german,1500,other_run_same_language_donor,95,0.0425179767120459
german,1500,other_run_same_language_donor,96,0.0445880057694137
german,1500,other_run_same_language_donor,97,0.0253982170036911
german,1500,other_run_same_language_donor,98,0.0425671176399905
german,1500,other_run_same_language_donor,99,0.0413212972983042
german,1500,other_run_same_language_donor,100,0.0360649363670901
german,1500,other_run_same_language_donor,101,0.0280832621749364
german,1500,other_language_donor,90,0.0215850549193686
german,1500,other_language_donor,91,-0.0084482644845488
german,1500,other_language_donor,92,0.0190396660751082
german,1500,other_language_donor,93,0.0139292896812904
german,1500,other_language_donor,94,0.0193723006956557
german,1500,other_language_donor,95,0.0194229820091695
german,1500,other_language_donor,96,0.013574928302013
german,1500,other_language_donor,97,0.0185220131883886
german,1500,other_language_donor,98,0.001560005766541
german,1500,other_language_donor,99,0.0030017527426279
german,1500,other_language_donor,100,0.0173663963098724
german,1500,other_language_donor,101,0.0074461115382182
german,3000,co_trained_rows,90,0.0293485038309783
german,3000,co_trained_rows,91,0.0255557970103825
german,3000,co_trained_rows,92,0.0444328720290737
german,3000,co_trained_rows,93,0.038373869344761
german,3000,co_trained_rows,94,0.0233715977043848
german,3000,co_trained_rows,95,0.0270797589750277
german,3000,co_trained_rows,96,0.0398276709856265
german,3000,co_trained_rows,97,0.007838986900501
german,3000,co_trained_rows,98,0.0162805443231064
german,3000,co_trained_rows,99,0.0247555685963473
german,3000,co_trained_rows,100,0.039907376111427
german,3000,co_trained_rows,101,-0.0036994544073005
german,3000,other_run_same_language_donor,90,0.0200613116862688
german,3000,other_run_same_language_donor,91,0.0244453453757292
german,3000,other_run_same_language_donor,92,0.0260591334180916
german,3000,other_run_same_language_donor,93,0.0337233508990538
german,3000,other_run_same_language_donor,94,0.019097683013014
german,3000,other_run_same_language_donor,95,0.0263445879738266
german,3000,other_run_same_language_donor,96,0.0341103288355743
german,3000,other_run_same_language_donor,97,0.0161152061584546
german,3000,other_run_same_language_donor,98,0.0080102755310467
german,3000,other_run_same_language_donor,99,0.0200632751492795
german,3000,other_run_same_language_donor,100,0.046841441042654
german,3000,other_run_same_language_donor,101,0.0129683617660155
german,3000,other_language_donor,90,0.0053499214842099
german,3000,other_language_donor,91,0.0010485963871725
german,3000,other_language_donor,92,0.0098640803976625
german,3000,other_language_donor,93,0.009518401667672
german,3000,other_language_donor,94,0.023104731737935
german,3000,other_language_donor,95,0.0135027193557429
german,3000,other_language_donor,96,0.0103638343507648
german,3000,other_language_donor,97,0.003153022197807
german,3000,other_language_donor,98,-0.0024515460559722
german,3000,other_language_donor,99,0.0126911751854267
german,3000,other_language_donor,100,0.0068194918776876
german,3000,other_language_donor,101,-0.0069270238527506
german,6000,co_trained_rows,90,0.0324165685798837
german,6000,co_trained_rows,91,0.0246241891629927
german,6000,co_trained_rows,92,0.0314191279084556
german,6000,co_trained_rows,93,0.0063487480885364
german,6000,co_trained_rows,94,0.0158075563393382
german,6000,co_trained_rows,95,0.0175962226582026
german,6000,co_trained_rows,96,0.0372422487937903
german,6000,co_trained_rows,97,0.006717220228803
german,6000,co_trained_rows,98,0.0253675997865699
german,6000,co_trained_rows,99,0.0319424752588604
german,6000,co_trained_rows,100,0.0155463397785091
german,6000,co_trained_rows,101,0.0044462446451782
german,6000,other_run_same_language_donor,90,0.0263841583217308
german,6000,other_run_same_language_donor,91,0.017900764303879
german,6000,other_run_same_language_donor,92,0.0288959551010939
german,6000,other_run_same_language_donor,93,0.0013094999634597
german,6000,other_run_same_language_donor,94,0.0151535219311225
german,6000,other_run_same_language_donor,95,0.0199186494266463
german,6000,other_run_same_language_donor,96,0.0235452307036179
german,6000,other_run_same_language_donor,97,0.0088435779643228
german,6000,other_run_same_language_donor,98,0.0179787441183867
german,6000,other_run_same_language_donor,99,0.0257582508429588
german,6000,other_run_same_language_donor,100,0.018031391505481
german,6000,other_run_same_language_donor,101,0.0063886970453278
german,6000,other_language_donor,90,0.0119592321348719
german,6000,other_language_donor,91,-0.0009124065490383
german,6000,other_language_donor,92,0.0149628855992158
german,6000,other_language_donor,93,-0.0053456419444493
german,6000,other_language_donor,94,0.0044015259305961
german,6000,other_language_donor,95,0.0017204553829137
german,6000,other_language_donor,96,0.0046265784528308
german,6000,other_language_donor,97,0.0048937730598194
german,6000,other_language_donor,98,0.0020871655922991
german,6000,other_language_donor,99,0.0104054143373718
german,6000,other_language_donor,100,-0.0001153494054765
german,6000,other_language_donor,101,-0.0187246549209467
german,6100,co_trained_rows,90,0.0365554736095657
german,6100,co_trained_rows,91,0.0256361151217598
german,6100,co_trained_rows,92,0.0301207205772507
german,6100,co_trained_rows,93,0.0157474908298117
german,6100,co_trained_rows,94,0.0139186142462347
german,6100,co_trained_rows,95,0.0182894457921321
german,6100,co_trained_rows,96,0.0339186293268052
german,6100,co_trained_rows,97,0.0074098074896866
german,6100,co_trained_rows,98,0.0311942729170212
german,6100,co_trained_rows,99,0.0292614051407295
german,6100,co_trained_rows,100,0.0161418206156397
german,6100,co_trained_rows,101,0.0053496179894939
german,6100,other_run_same_language_donor,90,0.0329618823985054
german,6100,other_run_same_language_donor,91,0.0194445562514975
german,6100,other_run_same_language_donor,92,0.0196756960793408
german,6100,other_run_same_language_donor,93,0.0090393078285931
german,6100,other_run_same_language_donor,94,0.0148611285765296
german,6100,other_run_same_language_donor,95,0.0218883089623256
german,6100,other_run_same_language_donor,96,0.0228602435003112
german,6100,other_run_same_language_donor,97,0.0100581484270154
german,6100,other_run_same_language_donor,98,0.0225889965973615
german,6100,other_run_same_language_donor,99,0.025009645570906
german,6100,other_run_same_language_donor,100,0.0180325027492482
german,6100,other_run_same_language_donor,101,0.0099518127268962
german,6100,other_language_donor,90,0.0097897551701763
german,6100,other_language_donor,91,0.0044638590318835
german,6100,other_language_donor,92,0.0184388130356198
german,6100,other_language_donor,93,0.0021339064094522
german,6100,other_language_donor,94,0.0038697197005314
german,6100,other_language_donor,95,-0.0014176156491866
german,6100,other_language_donor,96,-0.0001991932037106
german,6100,other_language_donor,97,0.0003471493122075
german,6100,other_language_donor,98,0.0088279568697528
german,6100,other_language_donor,99,0.0089459790418929
german,6100,other_language_donor,100,-0.0015717764607687
german,6100,other_language_donor,101,-0.0170513223598902
